filename,audio_path,actor_id,sentence_code,emotion_code,emotion,actual,predicted,correct
1001_DFA_ANG_XX.wav,data/raw/CREMA-D/AudioWAV/1001_DFA_ANG_XX.wav,1001,DFA,ANG,angry,angry,happy,False
1001_DFA_DIS_XX.wav,data/raw/CREMA-D/AudioWAV/1001_DFA_DIS_XX.wav,1001,DFA,DIS,disgust,disgust,fear,False
1001_DFA_FEA_XX.wav,data/raw/CREMA-D/AudioWAV/1001_DFA_FEA_XX.wav,1001,DFA,FEA,fear,fear,happy,False
1001_DFA_NEU_XX.wav,data/raw/CREMA-D/AudioWAV/1001_DFA_NEU_XX.wav,1001,DFA,NEU,neutral,neutral,happy,False
1001_DFA_SAD_XX.wav,data/raw/CREMA-D/AudioWAV/1001_DFA_SAD_XX.wav,1001,DFA,SAD,sad,sad,fear,False
1001_IEO_ANG_LO.wav,data/raw/CREMA-D/AudioWAV/1001_IEO_ANG_LO.wav,1001,IEO,ANG,angry,angry,neutral,False
1001_IEO_DIS_HI.wav,data/raw/CREMA-D/AudioWAV/1001_IEO_DIS_HI.wav,1001,IEO,DIS,disgust,disgust,happy,False
1001_IEO_DIS_LO.wav,data/raw/CREMA-D/AudioWAV/1001_IEO_DIS_LO.wav,1001,IEO,DIS,disgust,disgust,sad,False
1001_IEO_DIS_MD.wav,data/raw/CREMA-D/AudioWAV/1001_IEO_DIS_MD.wav,1001,IEO,DIS,disgust,disgust,happy,False
1001_IEO_FEA_HI.wav,data/raw/CREMA-D/AudioWAV/1001_IEO_FEA_HI.wav,1001,IEO,FEA,fear,fear,happy,False
1001_IEO_FEA_MD.wav,data/raw/CREMA-D/AudioWAV/1001_IEO_FEA_MD.wav,1001,IEO,FEA,fear,fear,happy,False
1001_IEO_HAP_HI.wav,data/raw/CREMA-D/AudioWAV/1001_IEO_HAP_HI.wav,1001,IEO,HAP,happy,happy,angry,False
1001_IEO_NEU_XX.wav,data/raw/CREMA-D/AudioWAV/1001_IEO_NEU_XX.wav,1001,IEO,NEU,neutral,neutral,happy,False
1001_IEO_SAD_HI.wav,data/raw/CREMA-D/AudioWAV/1001_IEO_SAD_HI.wav,1001,IEO,SAD,sad,sad,neutral,False
1001_IEO_SAD_MD.wav,data/raw/CREMA-D/AudioWAV/1001_IEO_SAD_MD.wav,1001,IEO,SAD,sad,sad,neutral,False
1001_IOM_ANG_XX.wav,data/raw/CREMA-D/AudioWAV/1001_IOM_ANG_XX.wav,1001,IOM,ANG,angry,angry,fear,False
1001_IOM_DIS_XX.wav,data/raw/CREMA-D/AudioWAV/1001_IOM_DIS_XX.wav,1001,IOM,DIS,disgust,disgust,fear,False
1001_IOM_FEA_XX.wav,data/raw/CREMA-D/AudioWAV/1001_IOM_FEA_XX.wav,1001,IOM,FEA,fear,fear,angry,False
1001_IOM_NEU_XX.wav,data/raw/CREMA-D/AudioWAV/1001_IOM_NEU_XX.wav,1001,IOM,NEU,neutral,neutral,happy,False
1001_IOM_SAD_XX.wav,data/raw/CREMA-D/AudioWAV/1001_IOM_SAD_XX.wav,1001,IOM,SAD,sad,sad,fear,False
1001_ITH_ANG_XX.wav,data/raw/CREMA-D/AudioWAV/1001_ITH_ANG_XX.wav,1001,ITH,ANG,angry,angry,happy,False
1001_ITH_DIS_XX.wav,data/raw/CREMA-D/AudioWAV/1001_ITH_DIS_XX.wav,1001,ITH,DIS,disgust,disgust,happy,False
1001_ITH_FEA_XX.wav,data/raw/CREMA-D/AudioWAV/1001_ITH_FEA_XX.wav,1001,ITH,FEA,fear,fear,happy,False
1001_ITS_ANG_XX.wav,data/raw/CREMA-D/AudioWAV/1001_ITS_ANG_XX.wav,1001,ITS,ANG,angry,angry,happy,False
1001_ITS_DIS_XX.wav,data/raw/CREMA-D/AudioWAV/1001_ITS_DIS_XX.wav,1001,ITS,DIS,disgust,disgust,neutral,False
1001_ITS_FEA_XX.wav,data/raw/CREMA-D/AudioWAV/1001_ITS_FEA_XX.wav,1001,ITS,FEA,fear,fear,happy,False
1001_ITS_NEU_XX.wav,data/raw/CREMA-D/AudioWAV/1001_ITS_NEU_XX.wav,1001,ITS,NEU,neutral,neutral,happy,False
1001_ITS_SAD_XX.wav,data/raw/CREMA-D/AudioWAV/1001_ITS_SAD_XX.wav,1001,ITS,SAD,sad,sad,neutral,False
1001_IWL_DIS_XX.wav,data/raw/CREMA-D/AudioWAV/1001_IWL_DIS_XX.wav,1001,IWL,DIS,disgust,disgust,happy,False
1001_IWL_FEA_XX.wav,data/raw/CREMA-D/AudioWAV/1001_IWL_FEA_XX.wav,1001,IWL,FEA,fear,fear,happy,False
1001_IWL_NEU_XX.wav,data/raw/CREMA-D/AudioWAV/1001_IWL_NEU_XX.wav,1001,IWL,NEU,neutral,neutral,happy,False
1001_IWL_SAD_XX.wav,data/raw/CREMA-D/AudioWAV/1001_IWL_SAD_XX.wav,1001,IWL,SAD,sad,sad,happy,False
1001_IWW_ANG_XX.wav,data/raw/CREMA-D/AudioWAV/1001_IWW_ANG_XX.wav,1001,IWW,ANG,angry,angry,happy,False
1001_IWW_DIS_XX.wav,data/raw/CREMA-D/AudioWAV/1001_IWW_DIS_XX.wav,1001,IWW,DIS,disgust,disgust,happy,False
1001_IWW_FEA_XX.wav,data/raw/CREMA-D/AudioWAV/1001_IWW_FEA_XX.wav,1001,IWW,FEA,fear,fear,happy,False
1001_IWW_SAD_XX.wav,data/raw/CREMA-D/AudioWAV/1001_IWW_SAD_XX.wav,1001,IWW,SAD,sad,sad,neutral,False
1001_MTI_DIS_XX.wav,data/raw/CREMA-D/AudioWAV/1001_MTI_DIS_XX.wav,1001,MTI,DIS,disgust,disgust,happy,False
1001_MTI_FEA_XX.wav,data/raw/CREMA-D/AudioWAV/1001_MTI_FEA_XX.wav,1001,MTI,FEA,fear,fear,happy,False
1001_MTI_NEU_XX.wav,data/raw/CREMA-D/AudioWAV/1001_MTI_NEU_XX.wav,1001,MTI,NEU,neutral,neutral,happy,False
1001_MTI_SAD_XX.wav,data/raw/CREMA-D/AudioWAV/1001_MTI_SAD_XX.wav,1001,MTI,SAD,sad,sad,happy,False
1001_TAI_ANG_XX.wav,data/raw/CREMA-D/AudioWAV/1001_TAI_ANG_XX.wav,1001,TAI,ANG,angry,angry,neutral,False
1001_TAI_DIS_XX.wav,data/raw/CREMA-D/AudioWAV/1001_TAI_DIS_XX.wav,1001,TAI,DIS,disgust,disgust,happy,False
1001_TAI_FEA_XX.wav,data/raw/CREMA-D/AudioWAV/1001_TAI_FEA_XX.wav,1001,TAI,FEA,fear,fear,happy,False
1001_TAI_NEU_XX.wav,data/raw/CREMA-D/AudioWAV/1001_TAI_NEU_XX.wav,1001,TAI,NEU,neutral,neutral,happy,False
1001_TAI_SAD_XX.wav,data/raw/CREMA-D/AudioWAV/1001_TAI_SAD_XX.wav,1001,TAI,SAD,sad,sad,fear,False
1001_TIE_DIS_XX.wav,data/raw/CREMA-D/AudioWAV/1001_TIE_DIS_XX.wav,1001,TIE,DIS,disgust,disgust,happy,False
1001_TIE_FEA_XX.wav,data/raw/CREMA-D/AudioWAV/1001_TIE_FEA_XX.wav,1001,TIE,FEA,fear,fear,happy,False
1001_TIE_SAD_XX.wav,data/raw/CREMA-D/AudioWAV/1001_TIE_SAD_XX.wav,1001,TIE,SAD,sad,sad,happy,False
1001_TSI_DIS_XX.wav,data/raw/CREMA-D/AudioWAV/1001_TSI_DIS_XX.wav,1001,TSI,DIS,disgust,disgust,happy,False
1001_TSI_FEA_XX.wav,data/raw/CREMA-D/AudioWAV/1001_TSI_FEA_XX.wav,1001,TSI,FEA,fear,fear,happy,False
1001_TSI_HAP_XX.wav,data/raw/CREMA-D/AudioWAV/1001_TSI_HAP_XX.wav,1001,TSI,HAP,happy,happy,fear,False
1001_TSI_NEU_XX.wav,data/raw/CREMA-D/AudioWAV/1001_TSI_NEU_XX.wav,1001,TSI,NEU,neutral,neutral,happy,False
1001_TSI_SAD_XX.wav,data/raw/CREMA-D/AudioWAV/1001_TSI_SAD_XX.wav,1001,TSI,SAD,sad,sad,fear,False
1001_WSI_DIS_XX.wav,data/raw/CREMA-D/AudioWAV/1001_WSI_DIS_XX.wav,1001,WSI,DIS,disgust,disgust,happy,False
1001_WSI_FEA_XX.wav,data/raw/CREMA-D/AudioWAV/1001_WSI_FEA_XX.wav,1001,WSI,FEA,fear,fear,angry,False
1001_WSI_HAP_XX.wav,data/raw/CREMA-D/AudioWAV/1001_WSI_HAP_XX.wav,1001,WSI,HAP,happy,happy,angry,False
1001_WSI_NEU_XX.wav,data/raw/CREMA-D/AudioWAV/1001_WSI_NEU_XX.wav,1001,WSI,NEU,neutral,neutral,happy,False
1001_WSI_SAD_XX.wav,data/raw/CREMA-D/AudioWAV/1001_WSI_SAD_XX.wav,1001,WSI,SAD,sad,sad,happy,False
1005_DFA_DIS_XX.wav,data/raw/CREMA-D/AudioWAV/1005_DFA_DIS_XX.wav,1005,DFA,DIS,disgust,disgust,angry,False
1005_DFA_FEA_XX.wav,data/raw/CREMA-D/AudioWAV/1005_DFA_FEA_XX.wav,1005,DFA,FEA,fear,fear,happy,False
1005_DFA_NEU_XX.wav,data/raw/CREMA-D/AudioWAV/1005_DFA_NEU_XX.wav,1005,DFA,NEU,neutral,neutral,disgust,False
1005_IEO_DIS_HI.wav,data/raw/CREMA-D/AudioWAV/1005_IEO_DIS_HI.wav,1005,IEO,DIS,disgust,disgust,angry,False
1005_IEO_DIS_LO.wav,data/raw/CREMA-D/AudioWAV/1005_IEO_DIS_LO.wav,1005,IEO,DIS,disgust,disgust,sad,False
1005_IEO_DIS_MD.wav,data/raw/CREMA-D/AudioWAV/1005_IEO_DIS_MD.wav,1005,IEO,DIS,disgust,disgust,angry,False
1005_IEO_FEA_HI.wav,data/raw/CREMA-D/AudioWAV/1005_IEO_FEA_HI.wav,1005,IEO,FEA,fear,fear,happy,False
1005_IEO_FEA_LO.wav,data/raw/CREMA-D/AudioWAV/1005_IEO_FEA_LO.wav,1005,IEO,FEA,fear,fear,sad,False
1005_IEO_NEU_XX.wav,data/raw/CREMA-D/AudioWAV/1005_IEO_NEU_XX.wav,1005,IEO,NEU,neutral,neutral,happy,False
1005_IEO_SAD_HI.wav,data/raw/CREMA-D/AudioWAV/1005_IEO_SAD_HI.wav,1005,IEO,SAD,sad,sad,fear,False
1005_IEO_SAD_MD.wav,data/raw/CREMA-D/AudioWAV/1005_IEO_SAD_MD.wav,1005,IEO,SAD,sad,sad,fear,False
1005_IOM_DIS_XX.wav,data/raw/CREMA-D/AudioWAV/1005_IOM_DIS_XX.wav,1005,IOM,DIS,disgust,disgust,sad,False
1005_IOM_NEU_XX.wav,data/raw/CREMA-D/AudioWAV/1005_IOM_NEU_XX.wav,1005,IOM,NEU,neutral,neutral,happy,False
1005_ITH_DIS_XX.wav,data/raw/CREMA-D/AudioWAV/1005_ITH_DIS_XX.wav,1005,ITH,DIS,disgust,disgust,angry,False
1005_ITH_FEA_XX.wav,data/raw/CREMA-D/AudioWAV/1005_ITH_FEA_XX.wav,1005,ITH,FEA,fear,fear,angry,False
1005_ITH_HAP_XX.wav,data/raw/CREMA-D/AudioWAV/1005_ITH_HAP_XX.wav,1005,ITH,HAP,happy,happy,angry,False
1005_ITH_NEU_XX.wav,data/raw/CREMA-D/AudioWAV/1005_ITH_NEU_XX.wav,1005,ITH,NEU,neutral,neutral,happy,False
1005_ITH_SAD_XX.wav,data/raw/CREMA-D/AudioWAV/1005_ITH_SAD_XX.wav,1005,ITH,SAD,sad,sad,disgust,False
1005_ITS_FEA_XX.wav,data/raw/CREMA-D/AudioWAV/1005_ITS_FEA_XX.wav,1005,ITS,FEA,fear,fear,disgust,False
1005_ITS_HAP_XX.wav,data/raw/CREMA-D/AudioWAV/1005_ITS_HAP_XX.wav,1005,ITS,HAP,happy,happy,angry,False
1005_ITS_NEU_XX.wav,data/raw/CREMA-D/AudioWAV/1005_ITS_NEU_XX.wav,1005,ITS,NEU,neutral,neutral,happy,False
1005_ITS_SAD_XX.wav,data/raw/CREMA-D/AudioWAV/1005_ITS_SAD_XX.wav,1005,ITS,SAD,sad,sad,happy,False
1005_IWL_DIS_XX.wav,data/raw/CREMA-D/AudioWAV/1005_IWL_DIS_XX.wav,1005,IWL,DIS,disgust,disgust,happy,False
1005_IWL_FEA_XX.wav,data/raw/CREMA-D/AudioWAV/1005_IWL_FEA_XX.wav,1005,IWL,FEA,fear,fear,angry,False
1005_IWL_HAP_XX.wav,data/raw/CREMA-D/AudioWAV/1005_IWL_HAP_XX.wav,1005,IWL,HAP,happy,happy,angry,False
1005_IWL_NEU_XX.wav,data/raw/CREMA-D/AudioWAV/1005_IWL_NEU_XX.wav,1005,IWL,NEU,neutral,neutral,disgust,False
1005_IWL_SAD_XX.wav,data/raw/CREMA-D/AudioWAV/1005_IWL_SAD_XX.wav,1005,IWL,SAD,sad,sad,disgust,False
1005_IWW_ANG_XX.wav,data/raw/CREMA-D/AudioWAV/1005_IWW_ANG_XX.wav,1005,IWW,ANG,angry,angry,fear,False
1005_IWW_FEA_XX.wav,data/raw/CREMA-D/AudioWAV/1005_IWW_FEA_XX.wav,1005,IWW,FEA,fear,fear,sad,False
1005_IWW_NEU_XX.wav,data/raw/CREMA-D/AudioWAV/1005_IWW_NEU_XX.wav,1005,IWW,NEU,neutral,neutral,sad,False
1005_MTI_ANG_XX.wav,data/raw/CREMA-D/AudioWAV/1005_MTI_ANG_XX.wav,1005,MTI,ANG,angry,angry,happy,False
1005_MTI_DIS_XX.wav,data/raw/CREMA-D/AudioWAV/1005_MTI_DIS_XX.wav,1005,MTI,DIS,disgust,disgust,angry,False
1005_MTI_HAP_XX.wav,data/raw/CREMA-D/AudioWAV/1005_MTI_HAP_XX.wav,1005,MTI,HAP,happy,happy,angry,False
1005_MTI_NEU_XX.wav,data/raw/CREMA-D/AudioWAV/1005_MTI_NEU_XX.wav,1005,MTI,NEU,neutral,neutral,sad,False
1005_MTI_SAD_XX.wav,data/raw/CREMA-D/AudioWAV/1005_MTI_SAD_XX.wav,1005,MTI,SAD,sad,sad,happy,False
1005_TAI_DIS_XX.wav,data/raw/CREMA-D/AudioWAV/1005_TAI_DIS_XX.wav,1005,TAI,DIS,disgust,disgust,angry,False
1005_TAI_FEA_XX.wav,data/raw/CREMA-D/AudioWAV/1005_TAI_FEA_XX.wav,1005,TAI,FEA,fear,fear,angry,False
1005_TAI_NEU_XX.wav,data/raw/CREMA-D/AudioWAV/1005_TAI_NEU_XX.wav,1005,TAI,NEU,neutral,neutral,sad,False
1005_TAI_SAD_XX.wav,data/raw/CREMA-D/AudioWAV/1005_TAI_SAD_XX.wav,1005,TAI,SAD,sad,sad,disgust,False
1005_TIE_DIS_XX.wav,data/raw/CREMA-D/AudioWAV/1005_TIE_DIS_XX.wav,1005,TIE,DIS,disgust,disgust,angry,False
1005_TIE_FEA_XX.wav,data/raw/CREMA-D/AudioWAV/1005_TIE_FEA_XX.wav,1005,TIE,FEA,fear,fear,angry,False
1005_TIE_HAP_XX.wav,data/raw/CREMA-D/AudioWAV/1005_TIE_HAP_XX.wav,1005,TIE,HAP,happy,happy,angry,False
1005_TIE_NEU_XX.wav,data/raw/CREMA-D/AudioWAV/1005_TIE_NEU_XX.wav,1005,TIE,NEU,neutral,neutral,happy,False
1005_TIE_SAD_XX.wav,data/raw/CREMA-D/AudioWAV/1005_TIE_SAD_XX.wav,1005,TIE,SAD,sad,sad,disgust,False
1005_TSI_DIS_XX.wav,data/raw/CREMA-D/AudioWAV/1005_TSI_DIS_XX.wav,1005,TSI,DIS,disgust,disgust,angry,False
1005_TSI_HAP_XX.wav,data/raw/CREMA-D/AudioWAV/1005_TSI_HAP_XX.wav,1005,TSI,HAP,happy,happy,angry,False
1005_TSI_SAD_XX.wav,data/raw/CREMA-D/AudioWAV/1005_TSI_SAD_XX.wav,1005,TSI,SAD,sad,sad,disgust,False
1005_WSI_FEA_XX.wav,data/raw/CREMA-D/AudioWAV/1005_WSI_FEA_XX.wav,1005,WSI,FEA,fear,fear,angry,False
1005_WSI_HAP_XX.wav,data/raw/CREMA-D/AudioWAV/1005_WSI_HAP_XX.wav,1005,WSI,HAP,happy,happy,angry,False
1005_WSI_NEU_XX.wav,data/raw/CREMA-D/AudioWAV/1005_WSI_NEU_XX.wav,1005,WSI,NEU,neutral,neutral,angry,False
1005_WSI_SAD_XX.wav,data/raw/CREMA-D/AudioWAV/1005_WSI_SAD_XX.wav,1005,WSI,SAD,sad,sad,happy,False
1013_DFA_DIS_XX.wav,data/raw/CREMA-D/AudioWAV/1013_DFA_DIS_XX.wav,1013,DFA,DIS,disgust,disgust,angry,False
1013_DFA_FEA_XX.wav,data/raw/CREMA-D/AudioWAV/1013_DFA_FEA_XX.wav,1013,DFA,FEA,fear,fear,sad,False
1013_DFA_HAP_XX.wav,data/raw/CREMA-D/AudioWAV/1013_DFA_HAP_XX.wav,1013,DFA,HAP,happy,happy,angry,False
1013_IEO_DIS_LO.wav,data/raw/CREMA-D/AudioWAV/1013_IEO_DIS_LO.wav,1013,IEO,DIS,disgust,disgust,sad,False
1013_IEO_DIS_MD.wav,data/raw/CREMA-D/AudioWAV/1013_IEO_DIS_MD.wav,1013,IEO,DIS,disgust,disgust,angry,False
1013_IEO_FEA_HI.wav,data/raw/CREMA-D/AudioWAV/1013_IEO_FEA_HI.wav,1013,IEO,FEA,fear,fear,angry,False
1013_IEO_FEA_LO.wav,data/raw/CREMA-D/AudioWAV/1013_IEO_FEA_LO.wav,1013,IEO,FEA,fear,fear,sad,False
1013_IEO_FEA_MD.wav,data/raw/CREMA-D/AudioWAV/1013_IEO_FEA_MD.wav,1013,IEO,FEA,fear,fear,sad,False
1013_IEO_HAP_HI.wav,data/raw/CREMA-D/AudioWAV/1013_IEO_HAP_HI.wav,1013,IEO,HAP,happy,happy,angry,False
1013_IEO_HAP_LO.wav,data/raw/CREMA-D/AudioWAV/1013_IEO_HAP_LO.wav,1013,IEO,HAP,happy,happy,fear,False
1013_IEO_NEU_XX.wav,data/raw/CREMA-D/AudioWAV/1013_IEO_NEU_XX.wav,1013,IEO,NEU,neutral,neutral,fear,False
1013_IEO_SAD_HI.wav,data/raw/CREMA-D/AudioWAV/1013_IEO_SAD_HI.wav,1013,IEO,SAD,sad,sad,fear,False
1013_IEO_SAD_MD.wav,data/raw/CREMA-D/AudioWAV/1013_IEO_SAD_MD.wav,1013,IEO,SAD,sad,sad,fear,False
1013_IOM_SAD_XX.wav,data/raw/CREMA-D/AudioWAV/1013_IOM_SAD_XX.wav,1013,IOM,SAD,sad,sad,fear,False
1013_ITH_FEA_XX.wav,data/raw/CREMA-D/AudioWAV/1013_ITH_FEA_XX.wav,1013,ITH,FEA,fear,fear,sad,False
1013_ITH_HAP_XX.wav,data/raw/CREMA-D/AudioWAV/1013_ITH_HAP_XX.wav,1013,ITH,HAP,happy,happy,angry,False
1013_ITS_FEA_XX.wav,data/raw/CREMA-D/AudioWAV/1013_ITS_FEA_XX.wav,1013,ITS,FEA,fear,fear,sad,False
1013_IWL_FEA_XX.wav,data/raw/CREMA-D/AudioWAV/1013_IWL_FEA_XX.wav,1013,IWL,FEA,fear,fear,sad,False
1013_IWL_HAP_XX.wav,data/raw/CREMA-D/AudioWAV/1013_IWL_HAP_XX.wav,1013,IWL,HAP,happy,happy,angry,False
1013_IWL_NEU_XX.wav,data/raw/CREMA-D/AudioWAV/1013_IWL_NEU_XX.wav,1013,IWL,NEU,neutral,neutral,angry,False
1013_IWL_SAD_XX.wav,data/raw/CREMA-D/AudioWAV/1013_IWL_SAD_XX.wav,1013,IWL,SAD,sad,sad,angry,False
1013_IWW_DIS_XX.wav,data/raw/CREMA-D/AudioWAV/1013_IWW_DIS_XX.wav,1013,IWW,DIS,disgust,disgust,happy,False
1013_MTI_HAP_XX.wav,data/raw/CREMA-D/AudioWAV/1013_MTI_HAP_XX.wav,1013,MTI,HAP,happy,happy,angry,False
1013_MTI_NEU_XX.wav,data/raw/CREMA-D/AudioWAV/1013_MTI_NEU_XX.wav,1013,MTI,NEU,neutral,neutral,disgust,False
1013_TAI_DIS_XX.wav,data/raw/CREMA-D/AudioWAV/1013_TAI_DIS_XX.wav,1013,TAI,DIS,disgust,disgust,neutral,False
1013_TAI_HAP_XX.wav,data/raw/CREMA-D/AudioWAV/1013_TAI_HAP_XX.wav,1013,TAI,HAP,happy,happy,angry,False
1013_TIE_DIS_XX.wav,data/raw/CREMA-D/AudioWAV/1013_TIE_DIS_XX.wav,1013,TIE,DIS,disgust,disgust,sad,False
1013_TIE_HAP_XX.wav,data/raw/CREMA-D/AudioWAV/1013_TIE_HAP_XX.wav,1013,TIE,HAP,happy,happy,angry,False
1013_TSI_DIS_XX.wav,data/raw/CREMA-D/AudioWAV/1013_TSI_DIS_XX.wav,1013,TSI,DIS,disgust,disgust,sad,False
1013_TSI_FEA_XX.wav,data/raw/CREMA-D/AudioWAV/1013_TSI_FEA_XX.wav,1013,TSI,FEA,fear,fear,sad,False
1013_TSI_HAP_XX.wav,data/raw/CREMA-D/AudioWAV/1013_TSI_HAP_XX.wav,1013,TSI,HAP,happy,happy,angry,False
1013_WSI_DIS_XX.wav,data/raw/CREMA-D/AudioWAV/1013_WSI_DIS_XX.wav,1013,WSI,DIS,disgust,disgust,neutral,False
1013_WSI_HAP_XX.wav,data/raw/CREMA-D/AudioWAV/1013_WSI_HAP_XX.wav,1013,WSI,HAP,happy,happy,angry,False
1013_WSI_NEU_XX.wav,data/raw/CREMA-D/AudioWAV/1013_WSI_NEU_XX.wav,1013,WSI,NEU,neutral,neutral,disgust,False
1013_WSI_SAD_XX.wav,data/raw/CREMA-D/AudioWAV/1013_WSI_SAD_XX.wav,1013,WSI,SAD,sad,sad,neutral,False
1016_DFA_SAD_XX.wav,data/raw/CREMA-D/AudioWAV/1016_DFA_SAD_XX.wav,1016,DFA,SAD,sad,sad,neutral,False
1016_IEO_ANG_LO.wav,data/raw/CREMA-D/AudioWAV/1016_IEO_ANG_LO.wav,1016,IEO,ANG,angry,angry,disgust,False
1016_IEO_ANG_MD.wav,data/raw/CREMA-D/AudioWAV/1016_IEO_ANG_MD.wav,1016,IEO,ANG,angry,angry,happy,False
1016_IEO_DIS_LO.wav,data/raw/CREMA-D/AudioWAV/1016_IEO_DIS_LO.wav,1016,IEO,DIS,disgust,disgust,sad,False
1016_IEO_DIS_MD.wav,data/raw/CREMA-D/AudioWAV/1016_IEO_DIS_MD.wav,1016,IEO,DIS,disgust,disgust,angry,False
1016_IEO_FEA_LO.wav,data/raw/CREMA-D/AudioWAV/1016_IEO_FEA_LO.wav,1016,IEO,FEA,fear,fear,sad,False
1016_IEO_FEA_MD.wav,data/raw/CREMA-D/AudioWAV/1016_IEO_FEA_MD.wav,1016,IEO,FEA,fear,fear,disgust,False
1016_IEO_HAP_HI.wav,data/raw/CREMA-D/AudioWAV/1016_IEO_HAP_HI.wav,1016,IEO,HAP,happy,happy,disgust,False
1016_IEO_HAP_LO.wav,data/raw/CREMA-D/AudioWAV/1016_IEO_HAP_LO.wav,1016,IEO,HAP,happy,happy,fear,False
1016_IEO_NEU_XX.wav,data/raw/CREMA-D/AudioWAV/1016_IEO_NEU_XX.wav,1016,IEO,NEU,neutral,neutral,happy,False
1016_IEO_SAD_HI.wav,data/raw/CREMA-D/AudioWAV/1016_IEO_SAD_HI.wav,1016,IEO,SAD,sad,sad,disgust,False
1016_IOM_ANG_XX.wav,data/raw/CREMA-D/AudioWAV/1016_IOM_ANG_XX.wav,1016,IOM,ANG,angry,angry,happy,False
1016_IOM_FEA_XX.wav,data/raw/CREMA-D/AudioWAV/1016_IOM_FEA_XX.wav,1016,IOM,FEA,fear,fear,happy,False
1016_IOM_NEU_XX.wav,data/raw/CREMA-D/AudioWAV/1016_IOM_NEU_XX.wav,1016,IOM,NEU,neutral,neutral,happy,False
1016_IOM_SAD_XX.wav,data/raw/CREMA-D/AudioWAV/1016_IOM_SAD_XX.wav,1016,IOM,SAD,sad,sad,neutral,False
1016_ITH_FEA_XX.wav,data/raw/CREMA-D/AudioWAV/1016_ITH_FEA_XX.wav,1016,ITH,FEA,fear,fear,angry,False
1016_ITS_FEA_XX.wav,data/raw/CREMA-D/AudioWAV/1016_ITS_FEA_XX.wav,1016,ITS,FEA,fear,fear,disgust,False
1016_ITS_NEU_XX.wav,data/raw/CREMA-D/AudioWAV/1016_ITS_NEU_XX.wav,1016,ITS,NEU,neutral,neutral,happy,False
1016_ITS_SAD_XX.wav,data/raw/CREMA-D/AudioWAV/1016_ITS_SAD_XX.wav,1016,ITS,SAD,sad,sad,disgust,False
1016_IWL_HAP_XX.wav,data/raw/CREMA-D/AudioWAV/1016_IWL_HAP_XX.wav,1016,IWL,HAP,happy,happy,disgust,False
1016_IWL_SAD_XX.wav,data/raw/CREMA-D/AudioWAV/1016_IWL_SAD_XX.wav,1016,IWL,SAD,sad,sad,disgust,False
1016_IWW_ANG_XX.wav,data/raw/CREMA-D/AudioWAV/1016_IWW_ANG_XX.wav,1016,IWW,ANG,angry,angry,disgust,False
1016_IWW_DIS_XX.wav,data/raw/CREMA-D/AudioWAV/1016_IWW_DIS_XX.wav,1016,IWW,DIS,disgust,disgust,angry,False
1016_IWW_NEU_XX.wav,data/raw/CREMA-D/AudioWAV/1016_IWW_NEU_XX.wav,1016,IWW,NEU,neutral,neutral,disgust,False
1016_IWW_SAD_XX.wav,data/raw/CREMA-D/AudioWAV/1016_IWW_SAD_XX.wav,1016,IWW,SAD,sad,sad,disgust,False
1016_MTI_DIS_XX.wav,data/raw/CREMA-D/AudioWAV/1016_MTI_DIS_XX.wav,1016,MTI,DIS,disgust,disgust,angry,False
1016_MTI_FEA_XX.wav,data/raw/CREMA-D/AudioWAV/1016_MTI_FEA_XX.wav,1016,MTI,FEA,fear,fear,happy,False
1016_MTI_HAP_XX.wav,data/raw/CREMA-D/AudioWAV/1016_MTI_HAP_XX.wav,1016,MTI,HAP,happy,happy,neutral,False
1016_MTI_SAD_XX.wav,data/raw/CREMA-D/AudioWAV/1016_MTI_SAD_XX.wav,1016,MTI,SAD,sad,sad,disgust,False
1016_TAI_DIS_XX.wav,data/raw/CREMA-D/AudioWAV/1016_TAI_DIS_XX.wav,1016,TAI,DIS,disgust,disgust,angry,False
1016_TAI_NEU_XX.wav,data/raw/CREMA-D/AudioWAV/1016_TAI_NEU_XX.wav,1016,TAI,NEU,neutral,neutral,disgust,False
1016_TAI_SAD_XX.wav,data/raw/CREMA-D/AudioWAV/1016_TAI_SAD_XX.wav,1016,TAI,SAD,sad,sad,disgust,False
1016_TIE_FEA_XX.wav,data/raw/CREMA-D/AudioWAV/1016_TIE_FEA_XX.wav,1016,TIE,FEA,fear,fear,angry,False
1016_TIE_HAP_XX.wav,data/raw/CREMA-D/AudioWAV/1016_TIE_HAP_XX.wav,1016,TIE,HAP,happy,happy,angry,False
1016_TIE_SAD_XX.wav,data/raw/CREMA-D/AudioWAV/1016_TIE_SAD_XX.wav,1016,TIE,SAD,sad,sad,neutral,False
1016_TSI_DIS_XX.wav,data/raw/CREMA-D/AudioWAV/1016_TSI_DIS_XX.wav,1016,TSI,DIS,disgust,disgust,angry,False
1016_TSI_NEU_XX.wav,data/raw/CREMA-D/AudioWAV/1016_TSI_NEU_XX.wav,1016,TSI,NEU,neutral,neutral,fear,False
1016_WSI_DIS_XX.wav,data/raw/CREMA-D/AudioWAV/1016_WSI_DIS_XX.wav,1016,WSI,DIS,disgust,disgust,angry,False
1016_WSI_FEA_XX.wav,data/raw/CREMA-D/AudioWAV/1016_WSI_FEA_XX.wav,1016,WSI,FEA,fear,fear,neutral,False
1016_WSI_NEU_XX.wav,data/raw/CREMA-D/AudioWAV/1016_WSI_NEU_XX.wav,1016,WSI,NEU,neutral,neutral,happy,False
1016_WSI_SAD_XX.wav,data/raw/CREMA-D/AudioWAV/1016_WSI_SAD_XX.wav,1016,WSI,SAD,sad,sad,neutral,False
1027_DFA_DIS_XX.wav,data/raw/CREMA-D/AudioWAV/1027_DFA_DIS_XX.wav,1027,DFA,DIS,disgust,disgust,sad,False
1027_DFA_FEA_XX.wav,data/raw/CREMA-D/AudioWAV/1027_DFA_FEA_XX.wav,1027,DFA,FEA,fear,fear,disgust,False
1027_IEO_ANG_LO.wav,data/raw/CREMA-D/AudioWAV/1027_IEO_ANG_LO.wav,1027,IEO,ANG,angry,angry,disgust,False
1027_IEO_DIS_HI.wav,data/raw/CREMA-D/AudioWAV/1027_IEO_DIS_HI.wav,1027,IEO,DIS,disgust,disgust,happy,False
1027_IEO_DIS_LO.wav,data/raw/CREMA-D/AudioWAV/1027_IEO_DIS_LO.wav,1027,IEO,DIS,disgust,disgust,happy,False
1027_IEO_DIS_MD.wav,data/raw/CREMA-D/AudioWAV/1027_IEO_DIS_MD.wav,1027,IEO,DIS,disgust,disgust,angry,False
1027_IEO_FEA_HI.wav,data/raw/CREMA-D/AudioWAV/1027_IEO_FEA_HI.wav,1027,IEO,FEA,fear,fear,happy,False
1027_IEO_FEA_LO.wav,data/raw/CREMA-D/AudioWAV/1027_IEO_FEA_LO.wav,1027,IEO,FEA,fear,fear,sad,False
1027_IEO_FEA_MD.wav,data/raw/CREMA-D/AudioWAV/1027_IEO_FEA_MD.wav,1027,IEO,FEA,fear,fear,sad,False
1027_IEO_HAP_HI.wav,data/raw/CREMA-D/AudioWAV/1027_IEO_HAP_HI.wav,1027,IEO,HAP,happy,happy,fear,False
1027_IEO_HAP_LO.wav,data/raw/CREMA-D/AudioWAV/1027_IEO_HAP_LO.wav,1027,IEO,HAP,happy,happy,sad,False
1027_IEO_NEU_XX.wav,data/raw/CREMA-D/AudioWAV/1027_IEO_NEU_XX.wav,1027,IEO,NEU,neutral,neutral,sad,False
1027_IEO_SAD_HI.wav,data/raw/CREMA-D/AudioWAV/1027_IEO_SAD_HI.wav,1027,IEO,SAD,sad,sad,fear,False
1027_IOM_DIS_XX.wav,data/raw/CREMA-D/AudioWAV/1027_IOM_DIS_XX.wav,1027,IOM,DIS,disgust,disgust,fear,False
1027_ITH_DIS_XX.wav,data/raw/CREMA-D/AudioWAV/1027_ITH_DIS_XX.wav,1027,ITH,DIS,disgust,disgust,sad,False
1027_ITH_NEU_XX.wav,data/raw/CREMA-D/AudioWAV/1027_ITH_NEU_XX.wav,1027,ITH,NEU,neutral,neutral,happy,False
1027_ITS_DIS_XX.wav,data/raw/CREMA-D/AudioWAV/1027_ITS_DIS_XX.wav,1027,ITS,DIS,disgust,disgust,sad,False
1027_ITS_FEA_XX.wav,data/raw/CREMA-D/AudioWAV/1027_ITS_FEA_XX.wav,1027,ITS,FEA,fear,fear,sad,False
1027_ITS_HAP_XX.wav,data/raw/CREMA-D/AudioWAV/1027_ITS_HAP_XX.wav,1027,ITS,HAP,happy,happy,fear,False
1027_ITS_NEU_XX.wav,data/raw/CREMA-D/AudioWAV/1027_ITS_NEU_XX.wav,1027,ITS,NEU,neutral,neutral,fear,False
1027_IWL_NEU_XX.wav,data/raw/CREMA-D/AudioWAV/1027_IWL_NEU_XX.wav,1027,IWL,NEU,neutral,neutral,fear,False
1027_IWL_SAD_XX.wav,data/raw/CREMA-D/AudioWAV/1027_IWL_SAD_XX.wav,1027,IWL,SAD,sad,sad,neutral,False
1027_IWW_ANG_XX.wav,data/raw/CREMA-D/AudioWAV/1027_IWW_ANG_XX.wav,1027,IWW,ANG,angry,angry,happy,False
1027_IWW_DIS_XX.wav,data/raw/CREMA-D/AudioWAV/1027_IWW_DIS_XX.wav,1027,IWW,DIS,disgust,disgust,sad,False
1027_IWW_NEU_XX.wav,data/raw/CREMA-D/AudioWAV/1027_IWW_NEU_XX.wav,1027,IWW,NEU,neutral,neutral,fear,False
1027_MTI_FEA_XX.wav,data/raw/CREMA-D/AudioWAV/1027_MTI_FEA_XX.wav,1027,MTI,FEA,fear,fear,sad,False
1027_MTI_NEU_XX.wav,data/raw/CREMA-D/AudioWAV/1027_MTI_NEU_XX.wav,1027,MTI,NEU,neutral,neutral,disgust,False
1027_TAI_HAP_XX.wav,data/raw/CREMA-D/AudioWAV/1027_TAI_HAP_XX.wav,1027,TAI,HAP,happy,happy,fear,False
1027_TAI_SAD_XX.wav,data/raw/CREMA-D/AudioWAV/1027_TAI_SAD_XX.wav,1027,TAI,SAD,sad,sad,disgust,False
1027_TIE_FEA_XX.wav,data/raw/CREMA-D/AudioWAV/1027_TIE_FEA_XX.wav,1027,TIE,FEA,fear,fear,disgust,False
1027_TIE_HAP_XX.wav,data/raw/CREMA-D/AudioWAV/1027_TIE_HAP_XX.wav,1027,TIE,HAP,happy,happy,sad,False
1027_TSI_FEA_XX.wav,data/raw/CREMA-D/AudioWAV/1027_TSI_FEA_XX.wav,1027,TSI,FEA,fear,fear,disgust,False
1027_TSI_HAP_XX.wav,data/raw/CREMA-D/AudioWAV/1027_TSI_HAP_XX.wav,1027,TSI,HAP,happy,happy,fear,False
1027_TSI_NEU_XX.wav,data/raw/CREMA-D/AudioWAV/1027_TSI_NEU_XX.wav,1027,TSI,NEU,neutral,neutral,fear,False
1027_WSI_DIS_XX.wav,data/raw/CREMA-D/AudioWAV/1027_WSI_DIS_XX.wav,1027,WSI,DIS,disgust,disgust,happy,False
1027_WSI_FEA_XX.wav,data/raw/CREMA-D/AudioWAV/1027_WSI_FEA_XX.wav,1027,WSI,FEA,fear,fear,sad,False
1027_WSI_NEU_XX.wav,data/raw/CREMA-D/AudioWAV/1027_WSI_NEU_XX.wav,1027,WSI,NEU,neutral,neutral,fear,False
1027_WSI_SAD_XX.wav,data/raw/CREMA-D/AudioWAV/1027_WSI_SAD_XX.wav,1027,WSI,SAD,sad,sad,fear,False
1029_DFA_DIS_XX.wav,data/raw/CREMA-D/AudioWAV/1029_DFA_DIS_XX.wav,1029,DFA,DIS,disgust,disgust,angry,False
1029_DFA_FEA_XX.wav,data/raw/CREMA-D/AudioWAV/1029_DFA_FEA_XX.wav,1029,DFA,FEA,fear,fear,angry,False
1029_DFA_NEU_XX.wav,data/raw/CREMA-D/AudioWAV/1029_DFA_NEU_XX.wav,1029,DFA,NEU,neutral,neutral,happy,False
1029_DFA_SAD_XX.wav,data/raw/CREMA-D/AudioWAV/1029_DFA_SAD_XX.wav,1029,DFA,SAD,sad,sad,happy,False
1029_IEO_ANG_MD.wav,data/raw/CREMA-D/AudioWAV/1029_IEO_ANG_MD.wav,1029,IEO,ANG,angry,angry,happy,False
1029_IEO_DIS_HI.wav,data/raw/CREMA-D/AudioWAV/1029_IEO_DIS_HI.wav,1029,IEO,DIS,disgust,disgust,angry,False
1029_IEO_DIS_LO.wav,data/raw/CREMA-D/AudioWAV/1029_IEO_DIS_LO.wav,1029,IEO,DIS,disgust,disgust,fear,False
1029_IEO_DIS_MD.wav,data/raw/CREMA-D/AudioWAV/1029_IEO_DIS_MD.wav,1029,IEO,DIS,disgust,disgust,happy,False
1029_IEO_FEA_HI.wav,data/raw/CREMA-D/AudioWAV/1029_IEO_FEA_HI.wav,1029,IEO,FEA,fear,fear,angry,False
1029_IEO_HAP_HI.wav,data/raw/CREMA-D/AudioWAV/1029_IEO_HAP_HI.wav,1029,IEO,HAP,happy,happy,angry,False
1029_IEO_SAD_HI.wav,data/raw/CREMA-D/AudioWAV/1029_IEO_SAD_HI.wav,1029,IEO,SAD,sad,sad,angry,False
1029_IEO_SAD_MD.wav,data/raw/CREMA-D/AudioWAV/1029_IEO_SAD_MD.wav,1029,IEO,SAD,sad,sad,fear,False
1029_IOM_DIS_XX.wav,data/raw/CREMA-D/AudioWAV/1029_IOM_DIS_XX.wav,1029,IOM,DIS,disgust,disgust,neutral,False
1029_IOM_NEU_XX.wav,data/raw/CREMA-D/AudioWAV/1029_IOM_NEU_XX.wav,1029,IOM,NEU,neutral,neutral,fear,False
1029_IOM_SAD_XX.wav,data/raw/CREMA-D/AudioWAV/1029_IOM_SAD_XX.wav,1029,IOM,SAD,sad,sad,neutral,False
1029_ITH_DIS_XX.wav,data/raw/CREMA-D/AudioWAV/1029_ITH_DIS_XX.wav,1029,ITH,DIS,disgust,disgust,angry,False
1029_ITH_FEA_XX.wav,data/raw/CREMA-D/AudioWAV/1029_ITH_FEA_XX.wav,1029,ITH,FEA,fear,fear,happy,False
1029_ITH_SAD_XX.wav,data/raw/CREMA-D/AudioWAV/1029_ITH_SAD_XX.wav,1029,ITH,SAD,sad,sad,fear,False
1029_ITS_DIS_XX.wav,data/raw/CREMA-D/AudioWAV/1029_ITS_DIS_XX.wav,1029,ITS,DIS,disgust,disgust,angry,False
1029_ITS_FEA_XX.wav,data/raw/CREMA-D/AudioWAV/1029_ITS_FEA_XX.wav,1029,ITS,FEA,fear,fear,happy,False
1029_ITS_SAD_XX.wav,data/raw/CREMA-D/AudioWAV/1029_ITS_SAD_XX.wav,1029,ITS,SAD,sad,sad,fear,False
1029_IWL_DIS_XX.wav,data/raw/CREMA-D/AudioWAV/1029_IWL_DIS_XX.wav,1029,IWL,DIS,disgust,disgust,happy,False
1029_IWL_FEA_XX.wav,data/raw/CREMA-D/AudioWAV/1029_IWL_FEA_XX.wav,1029,IWL,FEA,fear,fear,angry,False
1029_IWL_HAP_XX.wav,data/raw/CREMA-D/AudioWAV/1029_IWL_HAP_XX.wav,1029,IWL,HAP,happy,happy,angry,False
1029_IWL_NEU_XX.wav,data/raw/CREMA-D/AudioWAV/1029_IWL_NEU_XX.wav,1029,IWL,NEU,neutral,neutral,happy,False
1029_IWL_SAD_XX.wav,data/raw/CREMA-D/AudioWAV/1029_IWL_SAD_XX.wav,1029,IWL,SAD,sad,sad,fear,False
1029_IWW_DIS_XX.wav,data/raw/CREMA-D/AudioWAV/1029_IWW_DIS_XX.wav,1029,IWW,DIS,disgust,disgust,happy,False
1029_IWW_NEU_XX.wav,data/raw/CREMA-D/AudioWAV/1029_IWW_NEU_XX.wav,1029,IWW,NEU,neutral,neutral,happy,False
1029_IWW_SAD_XX.wav,data/raw/CREMA-D/AudioWAV/1029_IWW_SAD_XX.wav,1029,IWW,SAD,sad,sad,fear,False
1029_MTI_DIS_XX.wav,data/raw/CREMA-D/AudioWAV/1029_MTI_DIS_XX.wav,1029,MTI,DIS,disgust,disgust,angry,False
1029_MTI_FEA_XX.wav,data/raw/CREMA-D/AudioWAV/1029_MTI_FEA_XX.wav,1029,MTI,FEA,fear,fear,angry,False
1029_MTI_HAP_XX.wav,data/raw/CREMA-D/AudioWAV/1029_MTI_HAP_XX.wav,1029,MTI,HAP,happy,happy,angry,False
1029_MTI_NEU_XX.wav,data/raw/CREMA-D/AudioWAV/1029_MTI_NEU_XX.wav,1029,MTI,NEU,neutral,neutral,angry,False
1029_MTI_SAD_XX.wav,data/raw/CREMA-D/AudioWAV/1029_MTI_SAD_XX.wav,1029,MTI,SAD,sad,sad,fear,False
1029_TAI_DIS_XX.wav,data/raw/CREMA-D/AudioWAV/1029_TAI_DIS_XX.wav,1029,TAI,DIS,disgust,disgust,angry,False
1029_TAI_HAP_XX.wav,data/raw/CREMA-D/AudioWAV/1029_TAI_HAP_XX.wav,1029,TAI,HAP,happy,happy,angry,False
1029_TAI_SAD_XX.wav,data/raw/CREMA-D/AudioWAV/1029_TAI_SAD_XX.wav,1029,TAI,SAD,sad,sad,angry,False
1029_TIE_DIS_XX.wav,data/raw/CREMA-D/AudioWAV/1029_TIE_DIS_XX.wav,1029,TIE,DIS,disgust,disgust,happy,False
1029_TIE_SAD_XX.wav,data/raw/CREMA-D/AudioWAV/1029_TIE_SAD_XX.wav,1029,TIE,SAD,sad,sad,fear,False
1029_TSI_DIS_XX.wav,data/raw/CREMA-D/AudioWAV/1029_TSI_DIS_XX.wav,1029,TSI,DIS,disgust,disgust,angry,False
1029_TSI_FEA_XX.wav,data/raw/CREMA-D/AudioWAV/1029_TSI_FEA_XX.wav,1029,TSI,FEA,fear,fear,angry,False
1029_TSI_HAP_XX.wav,data/raw/CREMA-D/AudioWAV/1029_TSI_HAP_XX.wav,1029,TSI,HAP,happy,happy,angry,False
1029_TSI_NEU_XX.wav,data/raw/CREMA-D/AudioWAV/1029_TSI_NEU_XX.wav,1029,TSI,NEU,neutral,neutral,angry,False
1029_TSI_SAD_XX.wav,data/raw/CREMA-D/AudioWAV/1029_TSI_SAD_XX.wav,1029,TSI,SAD,sad,sad,fear,False
1029_WSI_DIS_XX.wav,data/raw/CREMA-D/AudioWAV/1029_WSI_DIS_XX.wav,1029,WSI,DIS,disgust,disgust,angry,False
1029_WSI_FEA_XX.wav,data/raw/CREMA-D/AudioWAV/1029_WSI_FEA_XX.wav,1029,WSI,FEA,fear,fear,angry,False
1029_WSI_NEU_XX.wav,data/raw/CREMA-D/AudioWAV/1029_WSI_NEU_XX.wav,1029,WSI,NEU,neutral,neutral,happy,False
1029_WSI_SAD_XX.wav,data/raw/CREMA-D/AudioWAV/1029_WSI_SAD_XX.wav,1029,WSI,SAD,sad,sad,happy,False
1034_DFA_DIS_XX.wav,data/raw/CREMA-D/AudioWAV/1034_DFA_DIS_XX.wav,1034,DFA,DIS,disgust,disgust,sad,False
1034_DFA_FEA_XX.wav,data/raw/CREMA-D/AudioWAV/1034_DFA_FEA_XX.wav,1034,DFA,FEA,fear,fear,sad,False
1034_IEO_ANG_LO.wav,data/raw/CREMA-D/AudioWAV/1034_IEO_ANG_LO.wav,1034,IEO,ANG,angry,angry,sad,False
1034_IEO_DIS_HI.wav,data/raw/CREMA-D/AudioWAV/1034_IEO_DIS_HI.wav,1034,IEO,DIS,disgust,disgust,angry,False
1034_IEO_DIS_LO.wav,data/raw/CREMA-D/AudioWAV/1034_IEO_DIS_LO.wav,1034,IEO,DIS,disgust,disgust,sad,False
1034_IEO_FEA_HI.wav,data/raw/CREMA-D/AudioWAV/1034_IEO_FEA_HI.wav,1034,IEO,FEA,fear,fear,angry,False
1034_IEO_FEA_LO.wav,data/raw/CREMA-D/AudioWAV/1034_IEO_FEA_LO.wav,1034,IEO,FEA,fear,fear,sad,False
1034_IEO_FEA_MD.wav,data/raw/CREMA-D/AudioWAV/1034_IEO_FEA_MD.wav,1034,IEO,FEA,fear,fear,happy,False
1034_IEO_HAP_HI.wav,data/raw/CREMA-D/AudioWAV/1034_IEO_HAP_HI.wav,1034,IEO,HAP,happy,happy,angry,False
1034_IEO_HAP_LO.wav,data/raw/CREMA-D/AudioWAV/1034_IEO_HAP_LO.wav,1034,IEO,HAP,happy,happy,neutral,False
1034_IEO_SAD_HI.wav,data/raw/CREMA-D/AudioWAV/1034_IEO_SAD_HI.wav,1034,IEO,SAD,sad,sad,fear,False
1034_IEO_SAD_MD.wav,data/raw/CREMA-D/AudioWAV/1034_IEO_SAD_MD.wav,1034,IEO,SAD,sad,sad,happy,False
1034_IOM_DIS_XX.wav,data/raw/CREMA-D/AudioWAV/1034_IOM_DIS_XX.wav,1034,IOM,DIS,disgust,disgust,neutral,False
1034_IOM_FEA_XX.wav,data/raw/CREMA-D/AudioWAV/1034_IOM_FEA_XX.wav,1034,IOM,FEA,fear,fear,neutral,False
1034_ITH_DIS_XX.wav,data/raw/CREMA-D/AudioWAV/1034_ITH_DIS_XX.wav,1034,ITH,DIS,disgust,disgust,neutral,False
1034_ITH_FEA_XX.wav,data/raw/CREMA-D/AudioWAV/1034_ITH_FEA_XX.wav,1034,ITH,FEA,fear,fear,neutral,False
1034_ITH_NEU_XX.wav,data/raw/CREMA-D/AudioWAV/1034_ITH_NEU_XX.wav,1034,ITH,NEU,neutral,neutral,sad,False
1034_ITS_DIS_XX.wav,data/raw/CREMA-D/AudioWAV/1034_ITS_DIS_XX.wav,1034,ITS,DIS,disgust,disgust,fear,False
1034_ITS_NEU_XX.wav,data/raw/CREMA-D/AudioWAV/1034_ITS_NEU_XX.wav,1034,ITS,NEU,neutral,neutral,fear,False
1034_IWL_DIS_XX.wav,data/raw/CREMA-D/AudioWAV/1034_IWL_DIS_XX.wav,1034,IWL,DIS,disgust,disgust,sad,False
1034_IWL_FEA_XX.wav,data/raw/CREMA-D/AudioWAV/1034_IWL_FEA_XX.wav,1034,IWL,FEA,fear,fear,neutral,False
1034_IWL_HAP_XX.wav,data/raw/CREMA-D/AudioWAV/1034_IWL_HAP_XX.wav,1034,IWL,HAP,happy,happy,sad,False
1034_IWW_DIS_XX.wav,data/raw/CREMA-D/AudioWAV/1034_IWW_DIS_XX.wav,1034,IWW,DIS,disgust,disgust,sad,False
1034_IWW_FEA_XX.wav,data/raw/CREMA-D/AudioWAV/1034_IWW_FEA_XX.wav,1034,IWW,FEA,fear,fear,sad,False
1034_IWW_HAP_XX.wav,data/raw/CREMA-D/AudioWAV/1034_IWW_HAP_XX.wav,1034,IWW,HAP,happy,happy,neutral,False
1034_IWW_NEU_XX.wav,data/raw/CREMA-D/AudioWAV/1034_IWW_NEU_XX.wav,1034,IWW,NEU,neutral,neutral,sad,False
1034_MTI_ANG_XX.wav,data/raw/CREMA-D/AudioWAV/1034_MTI_ANG_XX.wav,1034,MTI,ANG,angry,angry,happy,False
1034_MTI_DIS_XX.wav,data/raw/CREMA-D/AudioWAV/1034_MTI_DIS_XX.wav,1034,MTI,DIS,disgust,disgust,neutral,False
1034_MTI_FEA_XX.wav,data/raw/CREMA-D/AudioWAV/1034_MTI_FEA_XX.wav,1034,MTI,FEA,fear,fear,happy,False
1034_MTI_NEU_XX.wav,data/raw/CREMA-D/AudioWAV/1034_MTI_NEU_XX.wav,1034,MTI,NEU,neutral,neutral,sad,False
1034_MTI_SAD_XX.wav,data/raw/CREMA-D/AudioWAV/1034_MTI_SAD_XX.wav,1034,MTI,SAD,sad,sad,neutral,False
1034_TAI_FEA_XX.wav,data/raw/CREMA-D/AudioWAV/1034_TAI_FEA_XX.wav,1034,TAI,FEA,fear,fear,neutral,False
1034_TAI_HAP_XX.wav,data/raw/CREMA-D/AudioWAV/1034_TAI_HAP_XX.wav,1034,TAI,HAP,happy,happy,neutral,False
1034_TAI_SAD_XX.wav,data/raw/CREMA-D/AudioWAV/1034_TAI_SAD_XX.wav,1034,TAI,SAD,sad,sad,fear,False
1034_TIE_ANG_XX.wav,data/raw/CREMA-D/AudioWAV/1034_TIE_ANG_XX.wav,1034,TIE,ANG,angry,angry,happy,False
1034_TIE_DIS_XX.wav,data/raw/CREMA-D/AudioWAV/1034_TIE_DIS_XX.wav,1034,TIE,DIS,disgust,disgust,happy,False
1034_TIE_FEA_XX.wav,data/raw/CREMA-D/AudioWAV/1034_TIE_FEA_XX.wav,1034,TIE,FEA,fear,fear,happy,False
1034_TIE_HAP_XX.wav,data/raw/CREMA-D/AudioWAV/1034_TIE_HAP_XX.wav,1034,TIE,HAP,happy,happy,neutral,False
1034_TIE_NEU_XX.wav,data/raw/CREMA-D/AudioWAV/1034_TIE_NEU_XX.wav,1034,TIE,NEU,neutral,neutral,sad,False
1034_TSI_ANG_XX.wav,data/raw/CREMA-D/AudioWAV/1034_TSI_ANG_XX.wav,1034,TSI,ANG,angry,angry,neutral,False
1034_TSI_DIS_XX.wav,data/raw/CREMA-D/AudioWAV/1034_TSI_DIS_XX.wav,1034,TSI,DIS,disgust,disgust,sad,False
1034_TSI_FEA_XX.wav,data/raw/CREMA-D/AudioWAV/1034_TSI_FEA_XX.wav,1034,TSI,FEA,fear,fear,sad,False
1034_TSI_HAP_XX.wav,data/raw/CREMA-D/AudioWAV/1034_TSI_HAP_XX.wav,1034,TSI,HAP,happy,happy,fear,False
1034_TSI_NEU_XX.wav,data/raw/CREMA-D/AudioWAV/1034_TSI_NEU_XX.wav,1034,TSI,NEU,neutral,neutral,sad,False
1034_WSI_ANG_XX.wav,data/raw/CREMA-D/AudioWAV/1034_WSI_ANG_XX.wav,1034,WSI,ANG,angry,angry,disgust,False
1034_WSI_DIS_XX.wav,data/raw/CREMA-D/AudioWAV/1034_WSI_DIS_XX.wav,1034,WSI,DIS,disgust,disgust,sad,False
1034_WSI_HAP_XX.wav,data/raw/CREMA-D/AudioWAV/1034_WSI_HAP_XX.wav,1034,WSI,HAP,happy,happy,neutral,False
1036_DFA_DIS_XX.wav,data/raw/CREMA-D/AudioWAV/1036_DFA_DIS_XX.wav,1036,DFA,DIS,disgust,disgust,happy,False
1036_DFA_FEA_XX.wav,data/raw/CREMA-D/AudioWAV/1036_DFA_FEA_XX.wav,1036,DFA,FEA,fear,fear,happy,False
1036_DFA_SAD_XX.wav,data/raw/CREMA-D/AudioWAV/1036_DFA_SAD_XX.wav,1036,DFA,SAD,sad,sad,angry,False
1036_IEO_ANG_LO.wav,data/raw/CREMA-D/AudioWAV/1036_IEO_ANG_LO.wav,1036,IEO,ANG,angry,angry,happy,False
1036_IEO_DIS_HI.wav,data/raw/CREMA-D/AudioWAV/1036_IEO_DIS_HI.wav,1036,IEO,DIS,disgust,disgust,angry,False
1036_IEO_FEA_HI.wav,data/raw/CREMA-D/AudioWAV/1036_IEO_FEA_HI.wav,1036,IEO,FEA,fear,fear,angry,False
1036_IEO_FEA_LO.wav,data/raw/CREMA-D/AudioWAV/1036_IEO_FEA_LO.wav,1036,IEO,FEA,fear,fear,happy,False
1036_IEO_HAP_HI.wav,data/raw/CREMA-D/AudioWAV/1036_IEO_HAP_HI.wav,1036,IEO,HAP,happy,happy,angry,False
1036_IEO_SAD_HI.wav,data/raw/CREMA-D/AudioWAV/1036_IEO_SAD_HI.wav,1036,IEO,SAD,sad,sad,disgust,False
1036_IEO_SAD_LO.wav,data/raw/CREMA-D/AudioWAV/1036_IEO_SAD_LO.wav,1036,IEO,SAD,sad,sad,disgust,False
1036_IOM_ANG_XX.wav,data/raw/CREMA-D/AudioWAV/1036_IOM_ANG_XX.wav,1036,IOM,ANG,angry,angry,disgust,False
1036_IOM_FEA_XX.wav,data/raw/CREMA-D/AudioWAV/1036_IOM_FEA_XX.wav,1036,IOM,FEA,fear,fear,happy,False
1036_IOM_HAP_XX.wav,data/raw/CREMA-D/AudioWAV/1036_IOM_HAP_XX.wav,1036,IOM,HAP,happy,happy,disgust,False
1036_IOM_SAD_XX.wav,data/raw/CREMA-D/AudioWAV/1036_IOM_SAD_XX.wav,1036,IOM,SAD,sad,sad,disgust,False
1036_ITH_DIS_XX.wav,data/raw/CREMA-D/AudioWAV/1036_ITH_DIS_XX.wav,1036,ITH,DIS,disgust,disgust,angry,False
1036_ITH_FEA_XX.wav,data/raw/CREMA-D/AudioWAV/1036_ITH_FEA_XX.wav,1036,ITH,FEA,fear,fear,angry,False
1036_ITH_SAD_XX.wav,data/raw/CREMA-D/AudioWAV/1036_ITH_SAD_XX.wav,1036,ITH,SAD,sad,sad,angry,False
1036_ITS_FEA_XX.wav,data/raw/CREMA-D/AudioWAV/1036_ITS_FEA_XX.wav,1036,ITS,FEA,fear,fear,happy,False
1036_ITS_HAP_XX.wav,data/raw/CREMA-D/AudioWAV/1036_ITS_HAP_XX.wav,1036,ITS,HAP,happy,happy,angry,False
1036_ITS_NEU_XX.wav,data/raw/CREMA-D/AudioWAV/1036_ITS_NEU_XX.wav,1036,ITS,NEU,neutral,neutral,disgust,False
1036_ITS_SAD_XX.wav,data/raw/CREMA-D/AudioWAV/1036_ITS_SAD_XX.wav,1036,ITS,SAD,sad,sad,disgust,False
1036_IWL_DIS_XX.wav,data/raw/CREMA-D/AudioWAV/1036_IWL_DIS_XX.wav,1036,IWL,DIS,disgust,disgust,angry,False
1036_IWL_FEA_XX.wav,data/raw/CREMA-D/AudioWAV/1036_IWL_FEA_XX.wav,1036,IWL,FEA,fear,fear,angry,False
1036_IWL_HAP_XX.wav,data/raw/CREMA-D/AudioWAV/1036_IWL_HAP_XX.wav,1036,IWL,HAP,happy,happy,angry,False
1036_IWL_SAD_XX.wav,data/raw/CREMA-D/AudioWAV/1036_IWL_SAD_XX.wav,1036,IWL,SAD,sad,sad,disgust,False
1036_IWW_FEA_XX.wav,data/raw/CREMA-D/AudioWAV/1036_IWW_FEA_XX.wav,1036,IWW,FEA,fear,fear,angry,False
1036_IWW_NEU_XX.wav,data/raw/CREMA-D/AudioWAV/1036_IWW_NEU_XX.wav,1036,IWW,NEU,neutral,neutral,sad,False
1036_IWW_SAD_XX.wav,data/raw/CREMA-D/AudioWAV/1036_IWW_SAD_XX.wav,1036,IWW,SAD,sad,sad,disgust,False
1036_MTI_DIS_XX.wav,data/raw/CREMA-D/AudioWAV/1036_MTI_DIS_XX.wav,1036,MTI,DIS,disgust,disgust,angry,False
1036_MTI_FEA_XX.wav,data/raw/CREMA-D/AudioWAV/1036_MTI_FEA_XX.wav,1036,MTI,FEA,fear,fear,angry,False
1036_MTI_HAP_XX.wav,data/raw/CREMA-D/AudioWAV/1036_MTI_HAP_XX.wav,1036,MTI,HAP,happy,happy,angry,False
1036_MTI_SAD_XX.wav,data/raw/CREMA-D/AudioWAV/1036_MTI_SAD_XX.wav,1036,MTI,SAD,sad,sad,disgust,False
1036_TAI_FEA_XX.wav,data/raw/CREMA-D/AudioWAV/1036_TAI_FEA_XX.wav,1036,TAI,FEA,fear,fear,angry,False
1036_TAI_HAP_XX.wav,data/raw/CREMA-D/AudioWAV/1036_TAI_HAP_XX.wav,1036,TAI,HAP,happy,happy,angry,False
1036_TAI_SAD_XX.wav,data/raw/CREMA-D/AudioWAV/1036_TAI_SAD_XX.wav,1036,TAI,SAD,sad,sad,disgust,False
1036_TIE_ANG_XX.wav,data/raw/CREMA-D/AudioWAV/1036_TIE_ANG_XX.wav,1036,TIE,ANG,angry,angry,disgust,False
1036_TIE_FEA_XX.wav,data/raw/CREMA-D/AudioWAV/1036_TIE_FEA_XX.wav,1036,TIE,FEA,fear,fear,sad,False
1036_TSI_DIS_XX.wav,data/raw/CREMA-D/AudioWAV/1036_TSI_DIS_XX.wav,1036,TSI,DIS,disgust,disgust,angry,False
1036_TSI_FEA_XX.wav,data/raw/CREMA-D/AudioWAV/1036_TSI_FEA_XX.wav,1036,TSI,FEA,fear,fear,happy,False
1036_TSI_SAD_XX.wav,data/raw/CREMA-D/AudioWAV/1036_TSI_SAD_XX.wav,1036,TSI,SAD,sad,sad,angry,False
1036_WSI_HAP_XX.wav,data/raw/CREMA-D/AudioWAV/1036_WSI_HAP_XX.wav,1036,WSI,HAP,happy,happy,angry,False
1036_WSI_SAD_XX.wav,data/raw/CREMA-D/AudioWAV/1036_WSI_SAD_XX.wav,1036,WSI,SAD,sad,sad,angry,False
1040_DFA_ANG_XX.wav,data/raw/CREMA-D/AudioWAV/1040_DFA_ANG_XX.wav,1040,DFA,ANG,angry,angry,neutral,False
1040_DFA_DIS_XX.wav,data/raw/CREMA-D/AudioWAV/1040_DFA_DIS_XX.wav,1040,DFA,DIS,disgust,disgust,sad,False
1040_IEO_ANG_LO.wav,data/raw/CREMA-D/AudioWAV/1040_IEO_ANG_LO.wav,1040,IEO,ANG,angry,angry,happy,False
1040_IEO_DIS_LO.wav,data/raw/CREMA-D/AudioWAV/1040_IEO_DIS_LO.wav,1040,IEO,DIS,disgust,disgust,sad,False
1040_IEO_DIS_MD.wav,data/raw/CREMA-D/AudioWAV/1040_IEO_DIS_MD.wav,1040,IEO,DIS,disgust,disgust,fear,False
1040_IEO_HAP_MD.wav,data/raw/CREMA-D/AudioWAV/1040_IEO_HAP_MD.wav,1040,IEO,HAP,happy,happy,fear,False
1040_IEO_NEU_XX.wav,data/raw/CREMA-D/AudioWAV/1040_IEO_NEU_XX.wav,1040,IEO,NEU,neutral,neutral,sad,False
1040_IOM_DIS_XX.wav,data/raw/CREMA-D/AudioWAV/1040_IOM_DIS_XX.wav,1040,IOM,DIS,disgust,disgust,sad,False
1040_IOM_FEA_XX.wav,data/raw/CREMA-D/AudioWAV/1040_IOM_FEA_XX.wav,1040,IOM,FEA,fear,fear,sad,False
1040_IOM_HAP_XX.wav,data/raw/CREMA-D/AudioWAV/1040_IOM_HAP_XX.wav,1040,IOM,HAP,happy,happy,fear,False
1040_IOM_NEU_XX.wav,data/raw/CREMA-D/AudioWAV/1040_IOM_NEU_XX.wav,1040,IOM,NEU,neutral,neutral,sad,False
1040_ITH_DIS_XX.wav,data/raw/CREMA-D/AudioWAV/1040_ITH_DIS_XX.wav,1040,ITH,DIS,disgust,disgust,sad,False
1040_ITH_HAP_XX.wav,data/raw/CREMA-D/AudioWAV/1040_ITH_HAP_XX.wav,1040,ITH,HAP,happy,happy,fear,False
1040_ITH_NEU_XX.wav,data/raw/CREMA-D/AudioWAV/1040_ITH_NEU_XX.wav,1040,ITH,NEU,neutral,neutral,sad,False
1040_ITH_SAD_X.wav,data/raw/CREMA-D/AudioWAV/1040_ITH_SAD_X.wav,1040,ITH,SAD,sad,sad,fear,False
1040_ITS_FEA_XX.wav,data/raw/CREMA-D/AudioWAV/1040_ITS_FEA_XX.wav,1040,ITS,FEA,fear,fear,sad,False
1040_ITS_HAP_XX.wav,data/raw/CREMA-D/AudioWAV/1040_ITS_HAP_XX.wav,1040,ITS,HAP,happy,happy,fear,False
1040_IWL_FEA_XX.wav,data/raw/CREMA-D/AudioWAV/1040_IWL_FEA_XX.wav,1040,IWL,FEA,fear,fear,happy,False
1040_IWL_HAP_XX.wav,data/raw/CREMA-D/AudioWAV/1040_IWL_HAP_XX.wav,1040,IWL,HAP,happy,happy,sad,False
1040_IWL_NEU_XX.wav,data/raw/CREMA-D/AudioWAV/1040_IWL_NEU_XX.wav,1040,IWL,NEU,neutral,neutral,fear,False
1040_IWW_ANG_XX.wav,data/raw/CREMA-D/AudioWAV/1040_IWW_ANG_XX.wav,1040,IWW,ANG,angry,angry,disgust,False
1040_IWW_DIS_XX.wav,data/raw/CREMA-D/AudioWAV/1040_IWW_DIS_XX.wav,1040,IWW,DIS,disgust,disgust,fear,False
1040_IWW_FEA_XX.wav,data/raw/CREMA-D/AudioWAV/1040_IWW_FEA_XX.wav,1040,IWW,FEA,fear,fear,sad,False
1040_IWW_HAP_XX.wav,data/raw/CREMA-D/AudioWAV/1040_IWW_HAP_XX.wav,1040,IWW,HAP,happy,happy,fear,False
1040_IWW_NEU_XX.wav,data/raw/CREMA-D/AudioWAV/1040_IWW_NEU_XX.wav,1040,IWW,NEU,neutral,neutral,sad,False
1040_IWW_SAD_XX.wav,data/raw/CREMA-D/AudioWAV/1040_IWW_SAD_XX.wav,1040,IWW,SAD,sad,sad,fear,False
1040_MTI_HAP_XX.wav,data/raw/CREMA-D/AudioWAV/1040_MTI_HAP_XX.wav,1040,MTI,HAP,happy,happy,fear,False
1040_MTI_NEU_XX.wav,data/raw/CREMA-D/AudioWAV/1040_MTI_NEU_XX.wav,1040,MTI,NEU,neutral,neutral,sad,False
1040_TAI_ANG_XX.wav,data/raw/CREMA-D/AudioWAV/1040_TAI_ANG_XX.wav,1040,TAI,ANG,angry,angry,disgust,False
1040_TAI_HAP_XX.wav,data/raw/CREMA-D/AudioWAV/1040_TAI_HAP_XX.wav,1040,TAI,HAP,happy,happy,fear,False
1040_TIE_ANG_XX.wav,data/raw/CREMA-D/AudioWAV/1040_TIE_ANG_XX.wav,1040,TIE,ANG,angry,angry,happy,False
1040_TIE_DIS_XX.wav,data/raw/CREMA-D/AudioWAV/1040_TIE_DIS_XX.wav,1040,TIE,DIS,disgust,disgust,sad,False
1040_TIE_SAD_XX.wav,data/raw/CREMA-D/AudioWAV/1040_TIE_SAD_XX.wav,1040,TIE,SAD,sad,sad,fear,False
1040_TSI_HAP_XX.wav,data/raw/CREMA-D/AudioWAV/1040_TSI_HAP_XX.wav,1040,TSI,HAP,happy,happy,fear,False
1040_WSI_HAP_XX.wav,data/raw/CREMA-D/AudioWAV/1040_WSI_HAP_XX.wav,1040,WSI,HAP,happy,happy,fear,False
1045_DFA_ANG_XX.wav,data/raw/CREMA-D/AudioWAV/1045_DFA_ANG_XX.wav,1045,DFA,ANG,angry,angry,disgust,False
1045_DFA_DIS_XX.wav,data/raw/CREMA-D/AudioWAV/1045_DFA_DIS_XX.wav,1045,DFA,DIS,disgust,disgust,neutral,False
1045_IEO_ANG_LO.wav,data/raw/CREMA-D/AudioWAV/1045_IEO_ANG_LO.wav,1045,IEO,ANG,angry,angry,neutral,False
1045_IEO_DIS_HI.wav,data/raw/CREMA-D/AudioWAV/1045_IEO_DIS_HI.wav,1045,IEO,DIS,disgust,disgust,sad,False
1045_IEO_DIS_LO.wav,data/raw/CREMA-D/AudioWAV/1045_IEO_DIS_LO.wav,1045,IEO,DIS,disgust,disgust,sad,False
1045_IEO_DIS_MD.wav,data/raw/CREMA-D/AudioWAV/1045_IEO_DIS_MD.wav,1045,IEO,DIS,disgust,disgust,sad,False
1045_IEO_FEA_LO.wav,data/raw/CREMA-D/AudioWAV/1045_IEO_FEA_LO.wav,1045,IEO,FEA,fear,fear,sad,False
1045_IEO_FEA_MD.wav,data/raw/CREMA-D/AudioWAV/1045_IEO_FEA_MD.wav,1045,IEO,FEA,fear,fear,disgust,False
1045_IEO_HAP_HI.wav,data/raw/CREMA-D/AudioWAV/1045_IEO_HAP_HI.wav,1045,IEO,HAP,happy,happy,neutral,False
1045_IEO_HAP_MD.wav,data/raw/CREMA-D/AudioWAV/1045_IEO_HAP_MD.wav,1045,IEO,HAP,happy,happy,neutral,False
1045_IEO_SAD_MD.wav,data/raw/CREMA-D/AudioWAV/1045_IEO_SAD_MD.wav,1045,IEO,SAD,sad,sad,fear,False
1045_IOM_ANG_XX.wav,data/raw/CREMA-D/AudioWAV/1045_IOM_ANG_XX.wav,1045,IOM,ANG,angry,angry,happy,False
1045_IOM_DIS_XX.wav,data/raw/CREMA-D/AudioWAV/1045_IOM_DIS_XX.wav,1045,IOM,DIS,disgust,disgust,fear,False
1045_IOM_HAP_XX.wav,data/raw/CREMA-D/AudioWAV/1045_IOM_HAP_XX.wav,1045,IOM,HAP,happy,happy,disgust,False
1045_IOM_SAD_XX.wav,data/raw/CREMA-D/AudioWAV/1045_IOM_SAD_XX.wav,1045,IOM,SAD,sad,sad,fear,False
1045_ITH_ANG_XX.wav,data/raw/CREMA-D/AudioWAV/1045_ITH_ANG_XX.wav,1045,ITH,ANG,angry,angry,happy,False
1045_ITH_DIS_XX.wav,data/raw/CREMA-D/AudioWAV/1045_ITH_DIS_XX.wav,1045,ITH,DIS,disgust,disgust,sad,False
1045_ITH_FEA_XX.wav,data/raw/CREMA-D/AudioWAV/1045_ITH_FEA_XX.wav,1045,ITH,FEA,fear,fear,sad,False
1045_ITH_SAD_XX.wav,data/raw/CREMA-D/AudioWAV/1045_ITH_SAD_XX.wav,1045,ITH,SAD,sad,sad,fear,False
1045_ITS_ANG_XX.wav,data/raw/CREMA-D/AudioWAV/1045_ITS_ANG_XX.wav,1045,ITS,ANG,angry,angry,neutral,False
1045_ITS_FEA_XX.wav,data/raw/CREMA-D/AudioWAV/1045_ITS_FEA_XX.wav,1045,ITS,FEA,fear,fear,neutral,False
1045_IWW_ANG_XX.wav,data/raw/CREMA-D/AudioWAV/1045_IWW_ANG_XX.wav,1045,IWW,ANG,angry,angry,disgust,False
1045_MTI_DIS_XX.wav,data/raw/CREMA-D/AudioWAV/1045_MTI_DIS_XX.wav,1045,MTI,DIS,disgust,disgust,neutral,False
1045_MTI_SAD_XX.wav,data/raw/CREMA-D/AudioWAV/1045_MTI_SAD_XX.wav,1045,MTI,SAD,sad,sad,fear,False
1045_TAI_ANG_XX.wav,data/raw/CREMA-D/AudioWAV/1045_TAI_ANG_XX.wav,1045,TAI,ANG,angry,angry,neutral,False
1045_TAI_HAP_XX.wav,data/raw/CREMA-D/AudioWAV/1045_TAI_HAP_XX.wav,1045,TAI,HAP,happy,happy,angry,False
1045_TAI_SAD_XX.wav,data/raw/CREMA-D/AudioWAV/1045_TAI_SAD_XX.wav,1045,TAI,SAD,sad,sad,fear,False
1045_TIE_FEA_XX.wav,data/raw/CREMA-D/AudioWAV/1045_TIE_FEA_XX.wav,1045,TIE,FEA,fear,fear,disgust,False
1045_TIE_HAP_XX.wav,data/raw/CREMA-D/AudioWAV/1045_TIE_HAP_XX.wav,1045,TIE,HAP,happy,happy,fear,False
1045_TSI_ANG_XX.wav,data/raw/CREMA-D/AudioWAV/1045_TSI_ANG_XX.wav,1045,TSI,ANG,angry,angry,neutral,False
1045_TSI_DIS_XX.wav,data/raw/CREMA-D/AudioWAV/1045_TSI_DIS_XX.wav,1045,TSI,DIS,disgust,disgust,sad,False
1045_TSI_FEA_XX.wav,data/raw/CREMA-D/AudioWAV/1045_TSI_FEA_XX.wav,1045,TSI,FEA,fear,fear,neutral,False
1045_TSI_HAP_XX.wav,data/raw/CREMA-D/AudioWAV/1045_TSI_HAP_XX.wav,1045,TSI,HAP,happy,happy,fear,False
1045_TSI_NEU_XX.wav,data/raw/CREMA-D/AudioWAV/1045_TSI_NEU_XX.wav,1045,TSI,NEU,neutral,neutral,happy,False
1045_WSI_ANG_XX.wav,data/raw/CREMA-D/AudioWAV/1045_WSI_ANG_XX.wav,1045,WSI,ANG,angry,angry,disgust,False
1045_WSI_FEA_XX.wav,data/raw/CREMA-D/AudioWAV/1045_WSI_FEA_XX.wav,1045,WSI,FEA,fear,fear,disgust,False
1045_WSI_HAP_XX.wav,data/raw/CREMA-D/AudioWAV/1045_WSI_HAP_XX.wav,1045,WSI,HAP,happy,happy,angry,False
1045_WSI_NEU_XX.wav,data/raw/CREMA-D/AudioWAV/1045_WSI_NEU_XX.wav,1045,WSI,NEU,neutral,neutral,disgust,False
1056_DFA_DIS_XX.wav,data/raw/CREMA-D/AudioWAV/1056_DFA_DIS_XX.wav,1056,DFA,DIS,disgust,disgust,angry,False
1056_DFA_FEA_XX.wav,data/raw/CREMA-D/AudioWAV/1056_DFA_FEA_XX.wav,1056,DFA,FEA,fear,fear,happy,False
1056_DFA_SAD_XX.wav,data/raw/CREMA-D/AudioWAV/1056_DFA_SAD_XX.wav,1056,DFA,SAD,sad,sad,fear,False
1056_IEO_DIS_LO.wav,data/raw/CREMA-D/AudioWAV/1056_IEO_DIS_LO.wav,1056,IEO,DIS,disgust,disgust,angry,False
1056_IEO_DIS_MD.wav,data/raw/CREMA-D/AudioWAV/1056_IEO_DIS_MD.wav,1056,IEO,DIS,disgust,disgust,angry,False
1056_IEO_FEA_HI.wav,data/raw/CREMA-D/AudioWAV/1056_IEO_FEA_HI.wav,1056,IEO,FEA,fear,fear,angry,False
1056_IEO_HAP_MD.wav,data/raw/CREMA-D/AudioWAV/1056_IEO_HAP_MD.wav,1056,IEO,HAP,happy,happy,disgust,False
1056_IEO_SAD_LO.wav,data/raw/CREMA-D/AudioWAV/1056_IEO_SAD_LO.wav,1056,IEO,SAD,sad,sad,neutral,False
1056_IOM_DIS_XX.wav,data/raw/CREMA-D/AudioWAV/1056_IOM_DIS_XX.wav,1056,IOM,DIS,disgust,disgust,angry,False
1056_IOM_FEA_XX.wav,data/raw/CREMA-D/AudioWAV/1056_IOM_FEA_XX.wav,1056,IOM,FEA,fear,fear,sad,False
1056_IOM_HAP_XX.wav,data/raw/CREMA-D/AudioWAV/1056_IOM_HAP_XX.wav,1056,IOM,HAP,happy,happy,fear,False
1056_ITH_ANG_XX.wav,data/raw/CREMA-D/AudioWAV/1056_ITH_ANG_XX.wav,1056,ITH,ANG,angry,angry,happy,False
1056_ITH_DIS_XX.wav,data/raw/CREMA-D/AudioWAV/1056_ITH_DIS_XX.wav,1056,ITH,DIS,disgust,disgust,neutral,False
1056_ITH_FEA_XX.wav,data/raw/CREMA-D/AudioWAV/1056_ITH_FEA_XX.wav,1056,ITH,FEA,fear,fear,disgust,False
1056_ITH_HAP_XX.wav,data/raw/CREMA-D/AudioWAV/1056_ITH_HAP_XX.wav,1056,ITH,HAP,happy,happy,fear,False
1056_ITH_SAD_XX.wav,data/raw/CREMA-D/AudioWAV/1056_ITH_SAD_XX.wav,1056,ITH,SAD,sad,sad,neutral,False
1056_ITS_DIS_XX.wav,data/raw/CREMA-D/AudioWAV/1056_ITS_DIS_XX.wav,1056,ITS,DIS,disgust,disgust,angry,False
1056_ITS_SAD_XX.wav,data/raw/CREMA-D/AudioWAV/1056_ITS_SAD_XX.wav,1056,ITS,SAD,sad,sad,neutral,False
1056_IWL_DIS_XX.wav,data/raw/CREMA-D/AudioWAV/1056_IWL_DIS_XX.wav,1056,IWL,DIS,disgust,disgust,angry,False
1056_IWL_NEU_XX.wav,data/raw/CREMA-D/AudioWAV/1056_IWL_NEU_XX.wav,1056,IWL,NEU,neutral,neutral,happy,False
1056_IWL_SAD_XX.wav,data/raw/CREMA-D/AudioWAV/1056_IWL_SAD_XX.wav,1056,IWL,SAD,sad,sad,neutral,False
1056_IWW_DIS_XX.wav,data/raw/CREMA-D/AudioWAV/1056_IWW_DIS_XX.wav,1056,IWW,DIS,disgust,disgust,angry,False
1056_IWW_FEA_XX.wav,data/raw/CREMA-D/AudioWAV/1056_IWW_FEA_XX.wav,1056,IWW,FEA,fear,fear,neutral,False
1056_IWW_HAP_XX.wav,data/raw/CREMA-D/AudioWAV/1056_IWW_HAP_XX.wav,1056,IWW,HAP,happy,happy,neutral,False
1056_IWW_SAD_XX.wav,data/raw/CREMA-D/AudioWAV/1056_IWW_SAD_XX.wav,1056,IWW,SAD,sad,sad,neutral,False
1056_MTI_DIS_XX.wav,data/raw/CREMA-D/AudioWAV/1056_MTI_DIS_XX.wav,1056,MTI,DIS,disgust,disgust,angry,False
1056_MTI_FEA_XX.wav,data/raw/CREMA-D/AudioWAV/1056_MTI_FEA_XX.wav,1056,MTI,FEA,fear,fear,happy,False
1056_MTI_HAP_XX.wav,data/raw/CREMA-D/AudioWAV/1056_MTI_HAP_XX.wav,1056,MTI,HAP,happy,happy,angry,False
1056_MTI_SAD_XX.wav,data/raw/CREMA-D/AudioWAV/1056_MTI_SAD_XX.wav,1056,MTI,SAD,sad,sad,neutral,False
1056_TAI_DIS_XX.wav,data/raw/CREMA-D/AudioWAV/1056_TAI_DIS_XX.wav,1056,TAI,DIS,disgust,disgust,angry,False
1056_TAI_FEA_XX.wav,data/raw/CREMA-D/AudioWAV/1056_TAI_FEA_XX.wav,1056,TAI,FEA,fear,fear,happy,False
1056_TAI_NEU_XX.wav,data/raw/CREMA-D/AudioWAV/1056_TAI_NEU_XX.wav,1056,TAI,NEU,neutral,neutral,happy,False
1056_TAI_SAD_XX.wav,data/raw/CREMA-D/AudioWAV/1056_TAI_SAD_XX.wav,1056,TAI,SAD,sad,sad,angry,False
1056_TIE_DIS_XX.wav,data/raw/CREMA-D/AudioWAV/1056_TIE_DIS_XX.wav,1056,TIE,DIS,disgust,disgust,angry,False
1056_TSI_SAD_XX.wav,data/raw/CREMA-D/AudioWAV/1056_TSI_SAD_XX.wav,1056,TSI,SAD,sad,sad,happy,False
1056_WSI_DIS_XX.wav,data/raw/CREMA-D/AudioWAV/1056_WSI_DIS_XX.wav,1056,WSI,DIS,disgust,disgust,angry,False
1056_WSI_FEA_XX.wav,data/raw/CREMA-D/AudioWAV/1056_WSI_FEA_XX.wav,1056,WSI,FEA,fear,fear,happy,False
1056_WSI_SAD_XX.wav,data/raw/CREMA-D/AudioWAV/1056_WSI_SAD_XX.wav,1056,WSI,SAD,sad,sad,neutral,False
1067_DFA_DIS_XX.wav,data/raw/CREMA-D/AudioWAV/1067_DFA_DIS_XX.wav,1067,DFA,DIS,disgust,disgust,fear,False
1067_DFA_FEA_XX.wav,data/raw/CREMA-D/AudioWAV/1067_DFA_FEA_XX.wav,1067,DFA,FEA,fear,fear,happy,False
1067_DFA_HAP_XX.wav,data/raw/CREMA-D/AudioWAV/1067_DFA_HAP_XX.wav,1067,DFA,HAP,happy,happy,fear,False
1067_DFA_NEU_XX.wav,data/raw/CREMA-D/AudioWAV/1067_DFA_NEU_XX.wav,1067,DFA,NEU,neutral,neutral,happy,False
1067_DFA_SAD_XX.wav,data/raw/CREMA-D/AudioWAV/1067_DFA_SAD_XX.wav,1067,DFA,SAD,sad,sad,happy,False
1067_IEO_ANG_MD.wav,data/raw/CREMA-D/AudioWAV/1067_IEO_ANG_MD.wav,1067,IEO,ANG,angry,angry,disgust,False
1067_IEO_DIS_HI.wav,data/raw/CREMA-D/AudioWAV/1067_IEO_DIS_HI.wav,1067,IEO,DIS,disgust,disgust,angry,False
1067_IEO_DIS_MD.wav,data/raw/CREMA-D/AudioWAV/1067_IEO_DIS_MD.wav,1067,IEO,DIS,disgust,disgust,angry,False
1067_IEO_FEA_LO.wav,data/raw/CREMA-D/AudioWAV/1067_IEO_FEA_LO.wav,1067,IEO,FEA,fear,fear,disgust,False
1067_IEO_FEA_MD.wav,data/raw/CREMA-D/AudioWAV/1067_IEO_FEA_MD.wav,1067,IEO,FEA,fear,fear,happy,False
1067_IEO_HAP_HI.wav,data/raw/CREMA-D/AudioWAV/1067_IEO_HAP_HI.wav,1067,IEO,HAP,happy,happy,angry,False
1067_IEO_HAP_MD.wav,data/raw/CREMA-D/AudioWAV/1067_IEO_HAP_MD.wav,1067,IEO,HAP,happy,happy,disgust,False
1067_IEO_SAD_HI.wav,data/raw/CREMA-D/AudioWAV/1067_IEO_SAD_HI.wav,1067,IEO,SAD,sad,sad,fear,False
1067_IEO_SAD_MD.wav,data/raw/CREMA-D/AudioWAV/1067_IEO_SAD_MD.wav,1067,IEO,SAD,sad,sad,disgust,False
1067_IOM_FEA_XX.wav,data/raw/CREMA-D/AudioWAV/1067_IOM_FEA_XX.wav,1067,IOM,FEA,fear,fear,disgust,False
1067_IOM_HAP_XX.wav,data/raw/CREMA-D/AudioWAV/1067_IOM_HAP_XX.wav,1067,IOM,HAP,happy,happy,fear,False
1067_ITH_ANG_XX.wav,data/raw/CREMA-D/AudioWAV/1067_ITH_ANG_XX.wav,1067,ITH,ANG,angry,angry,disgust,False
1067_ITH_FEA_XX.wav,data/raw/CREMA-D/AudioWAV/1067_ITH_FEA_XX.wav,1067,ITH,FEA,fear,fear,happy,False
1067_ITH_HAP_XX.wav,data/raw/CREMA-D/AudioWAV/1067_ITH_HAP_XX.wav,1067,ITH,HAP,happy,happy,neutral,False
1067_ITH_SAD_XX.wav,data/raw/CREMA-D/AudioWAV/1067_ITH_SAD_XX.wav,1067,ITH,SAD,sad,sad,disgust,False
1067_ITS_FEA_XX.wav,data/raw/CREMA-D/AudioWAV/1067_ITS_FEA_XX.wav,1067,ITS,FEA,fear,fear,sad,False
1067_ITS_HAP_XX.wav,data/raw/CREMA-D/AudioWAV/1067_ITS_HAP_XX.wav,1067,ITS,HAP,happy,happy,disgust,False
1067_ITS_NEU_XX.wav,data/raw/CREMA-D/AudioWAV/1067_ITS_NEU_XX.wav,1067,ITS,NEU,neutral,neutral,sad,False
1067_ITS_SAD_XX.wav,data/raw/CREMA-D/AudioWAV/1067_ITS_SAD_XX.wav,1067,ITS,SAD,sad,sad,fear,False
1067_IWL_FEA_XX.wav,data/raw/CREMA-D/AudioWAV/1067_IWL_FEA_XX.wav,1067,IWL,FEA,fear,fear,disgust,False
1067_IWL_SAD_XX.wav,data/raw/CREMA-D/AudioWAV/1067_IWL_SAD_XX.wav,1067,IWL,SAD,sad,sad,neutral,False
1067_IWW_ANG_XX.wav,data/raw/CREMA-D/AudioWAV/1067_IWW_ANG_XX.wav,1067,IWW,ANG,angry,angry,fear,False
1067_IWW_FEA_XX.wav,data/raw/CREMA-D/AudioWAV/1067_IWW_FEA_XX.wav,1067,IWW,FEA,fear,fear,sad,False
1067_IWW_HAP_XX.wav,data/raw/CREMA-D/AudioWAV/1067_IWW_HAP_XX.wav,1067,IWW,HAP,happy,happy,fear,False
1067_IWW_NEU_XX.wav,data/raw/CREMA-D/AudioWAV/1067_IWW_NEU_XX.wav,1067,IWW,NEU,neutral,neutral,fear,False
1067_IWW_SAD_XX.wav,data/raw/CREMA-D/AudioWAV/1067_IWW_SAD_XX.wav,1067,IWW,SAD,sad,sad,angry,False
1067_MTI_DIS_XX.wav,data/raw/CREMA-D/AudioWAV/1067_MTI_DIS_XX.wav,1067,MTI,DIS,disgust,disgust,happy,False
1067_MTI_FEA_XX.wav,data/raw/CREMA-D/AudioWAV/1067_MTI_FEA_XX.wav,1067,MTI,FEA,fear,fear,happy,False
1067_MTI_HAP_XX.wav,data/raw/CREMA-D/AudioWAV/1067_MTI_HAP_XX.wav,1067,MTI,HAP,happy,happy,fear,False
1067_TAI_DIS_XX.wav,data/raw/CREMA-D/AudioWAV/1067_TAI_DIS_XX.wav,1067,TAI,DIS,disgust,disgust,angry,False
1067_TAI_HAP_XX.wav,data/raw/CREMA-D/AudioWAV/1067_TAI_HAP_XX.wav,1067,TAI,HAP,happy,happy,neutral,False
1067_TIE_ANG_XX.wav,data/raw/CREMA-D/AudioWAV/1067_TIE_ANG_XX.wav,1067,TIE,ANG,angry,angry,disgust,False
1067_TIE_DIS_XX.wav,data/raw/CREMA-D/AudioWAV/1067_TIE_DIS_XX.wav,1067,TIE,DIS,disgust,disgust,sad,False
1067_TIE_HAP_XX.wav,data/raw/CREMA-D/AudioWAV/1067_TIE_HAP_XX.wav,1067,TIE,HAP,happy,happy,sad,False
1067_TIE_NEU_XX.wav,data/raw/CREMA-D/AudioWAV/1067_TIE_NEU_XX.wav,1067,TIE,NEU,neutral,neutral,disgust,False
1067_TSI_DIS_XX.wav,data/raw/CREMA-D/AudioWAV/1067_TSI_DIS_XX.wav,1067,TSI,DIS,disgust,disgust,sad,False
1067_TSI_FEA_XX.wav,data/raw/CREMA-D/AudioWAV/1067_TSI_FEA_XX.wav,1067,TSI,FEA,fear,fear,sad,False
1067_TSI_HAP_XX.wav,data/raw/CREMA-D/AudioWAV/1067_TSI_HAP_XX.wav,1067,TSI,HAP,happy,happy,fear,False
1067_TSI_NEU_XX.wav,data/raw/CREMA-D/AudioWAV/1067_TSI_NEU_XX.wav,1067,TSI,NEU,neutral,neutral,fear,False
1067_TSI_SAD_XX.wav,data/raw/CREMA-D/AudioWAV/1067_TSI_SAD_XX.wav,1067,TSI,SAD,sad,sad,fear,False
1067_WSI_DIS_XX.wav,data/raw/CREMA-D/AudioWAV/1067_WSI_DIS_XX.wav,1067,WSI,DIS,disgust,disgust,sad,False
1067_WSI_HAP_XX.wav,data/raw/CREMA-D/AudioWAV/1067_WSI_HAP_XX.wav,1067,WSI,HAP,happy,happy,fear,False
1067_WSI_SAD_XX.wav,data/raw/CREMA-D/AudioWAV/1067_WSI_SAD_XX.wav,1067,WSI,SAD,sad,sad,neutral,False
1068_DFA_DIS_XX.wav,data/raw/CREMA-D/AudioWAV/1068_DFA_DIS_XX.wav,1068,DFA,DIS,disgust,disgust,neutral,False
1068_IEO_DIS_HI.wav,data/raw/CREMA-D/AudioWAV/1068_IEO_DIS_HI.wav,1068,IEO,DIS,disgust,disgust,angry,False
1068_IEO_DIS_LO.wav,data/raw/CREMA-D/AudioWAV/1068_IEO_DIS_LO.wav,1068,IEO,DIS,disgust,disgust,sad,False
1068_IEO_FEA_HI.wav,data/raw/CREMA-D/AudioWAV/1068_IEO_FEA_HI.wav,1068,IEO,FEA,fear,fear,disgust,False
1068_IEO_FEA_LO.wav,data/raw/CREMA-D/AudioWAV/1068_IEO_FEA_LO.wav,1068,IEO,FEA,fear,fear,sad,False
1068_IEO_HAP_HI.wav,data/raw/CREMA-D/AudioWAV/1068_IEO_HAP_HI.wav,1068,IEO,HAP,happy,happy,angry,False
1068_IEO_HAP_LO.wav,data/raw/CREMA-D/AudioWAV/1068_IEO_HAP_LO.wav,1068,IEO,HAP,happy,happy,sad,False
1068_IEO_HAP_MD.wav,data/raw/CREMA-D/AudioWAV/1068_IEO_HAP_MD.wav,1068,IEO,HAP,happy,happy,disgust,False
1068_IEO_NEU_XX.wav,data/raw/CREMA-D/AudioWAV/1068_IEO_NEU_XX.wav,1068,IEO,NEU,neutral,neutral,disgust,False
1068_IOM_ANG_XX.wav,data/raw/CREMA-D/AudioWAV/1068_IOM_ANG_XX.wav,1068,IOM,ANG,angry,angry,happy,False
1068_IOM_DIS_XX.wav,data/raw/CREMA-D/AudioWAV/1068_IOM_DIS_XX.wav,1068,IOM,DIS,disgust,disgust,sad,False
1068_IOM_FEA_XX.wav,data/raw/CREMA-D/AudioWAV/1068_IOM_FEA_XX.wav,1068,IOM,FEA,fear,fear,sad,False
1068_IOM_HAP_XX.wav,data/raw/CREMA-D/AudioWAV/1068_IOM_HAP_XX.wav,1068,IOM,HAP,happy,happy,angry,False
1068_ITH_DIS_XX.wav,data/raw/CREMA-D/AudioWAV/1068_ITH_DIS_XX.wav,1068,ITH,DIS,disgust,disgust,fear,False
1068_ITH_FEA_XX.wav,data/raw/CREMA-D/AudioWAV/1068_ITH_FEA_XX.wav,1068,ITH,FEA,fear,fear,disgust,False
1068_ITH_HAP_XX.wav,data/raw/CREMA-D/AudioWAV/1068_ITH_HAP_XX.wav,1068,ITH,HAP,happy,happy,neutral,False
1068_ITH_NEU_XX.wav,data/raw/CREMA-D/AudioWAV/1068_ITH_NEU_XX.wav,1068,ITH,NEU,neutral,neutral,happy,False
1068_ITS_DIS_XX.wav,data/raw/CREMA-D/AudioWAV/1068_ITS_DIS_XX.wav,1068,ITS,DIS,disgust,disgust,neutral,False
1068_ITS_HAP_XX.wav,data/raw/CREMA-D/AudioWAV/1068_ITS_HAP_XX.wav,1068,ITS,HAP,happy,happy,angry,False
1068_IWL_DIS_XX.wav,data/raw/CREMA-D/AudioWAV/1068_IWL_DIS_XX.wav,1068,IWL,DIS,disgust,disgust,happy,False
1068_IWL_FEA_XX.wav,data/raw/CREMA-D/AudioWAV/1068_IWL_FEA_XX.wav,1068,IWL,FEA,fear,fear,neutral,False
1068_IWL_HAP_XX.wav,data/raw/CREMA-D/AudioWAV/1068_IWL_HAP_XX.wav,1068,IWL,HAP,happy,happy,neutral,False
1068_IWW_DIS_XX.wav,data/raw/CREMA-D/AudioWAV/1068_IWW_DIS_XX.wav,1068,IWW,DIS,disgust,disgust,neutral,False
1068_MTI_DIS_XX.wav,data/raw/CREMA-D/AudioWAV/1068_MTI_DIS_XX.wav,1068,MTI,DIS,disgust,disgust,happy,False
1068_MTI_HAP_XX.wav,data/raw/CREMA-D/AudioWAV/1068_MTI_HAP_XX.wav,1068,MTI,HAP,happy,happy,sad,False
1068_TAI_ANG_XX.wav,data/raw/CREMA-D/AudioWAV/1068_TAI_ANG_XX.wav,1068,TAI,ANG,angry,angry,disgust,False
1068_TIE_DIS_XX.wav,data/raw/CREMA-D/AudioWAV/1068_TIE_DIS_XX.wav,1068,TIE,DIS,disgust,disgust,angry,False
1068_TIE_FEA_XX.wav,data/raw/CREMA-D/AudioWAV/1068_TIE_FEA_XX.wav,1068,TIE,FEA,fear,fear,happy,False
1068_TSI_DIS_XX.wav,data/raw/CREMA-D/AudioWAV/1068_TSI_DIS_XX.wav,1068,TSI,DIS,disgust,disgust,happy,False
1068_WSI_DIS_XX.wav,data/raw/CREMA-D/AudioWAV/1068_WSI_DIS_XX.wav,1068,WSI,DIS,disgust,disgust,fear,False
1068_WSI_FEA_XX.wav,data/raw/CREMA-D/AudioWAV/1068_WSI_FEA_XX.wav,1068,WSI,FEA,fear,fear,neutral,False
1078_DFA_FEA_XX.wav,data/raw/CREMA-D/AudioWAV/1078_DFA_FEA_XX.wav,1078,DFA,FEA,fear,fear,happy,False
1078_DFA_NEU_XX.wav,data/raw/CREMA-D/AudioWAV/1078_DFA_NEU_XX.wav,1078,DFA,NEU,neutral,neutral,disgust,False
1078_DFA_SAD_XX.wav,data/raw/CREMA-D/AudioWAV/1078_DFA_SAD_XX.wav,1078,DFA,SAD,sad,sad,fear,False
1078_IEO_DIS_HI.wav,data/raw/CREMA-D/AudioWAV/1078_IEO_DIS_HI.wav,1078,IEO,DIS,disgust,disgust,fear,False
1078_IEO_DIS_LO.wav,data/raw/CREMA-D/AudioWAV/1078_IEO_DIS_LO.wav,1078,IEO,DIS,disgust,disgust,sad,False
1078_IEO_DIS_MD.wav,data/raw/CREMA-D/AudioWAV/1078_IEO_DIS_MD.wav,1078,IEO,DIS,disgust,disgust,happy,False
1078_IEO_FEA_HI.wav,data/raw/CREMA-D/AudioWAV/1078_IEO_FEA_HI.wav,1078,IEO,FEA,fear,fear,happy,False
1078_IEO_NEU_XX.wav,data/raw/CREMA-D/AudioWAV/1078_IEO_NEU_XX.wav,1078,IEO,NEU,neutral,neutral,fear,False
1078_IEO_SAD_MD.wav,data/raw/CREMA-D/AudioWAV/1078_IEO_SAD_MD.wav,1078,IEO,SAD,sad,sad,fear,False
1078_IOM_DIS_XX.wav,data/raw/CREMA-D/AudioWAV/1078_IOM_DIS_XX.wav,1078,IOM,DIS,disgust,disgust,neutral,False
1078_IOM_HAP_XX.wav,data/raw/CREMA-D/AudioWAV/1078_IOM_HAP_XX.wav,1078,IOM,HAP,happy,happy,angry,False
1078_IOM_SAD_XX.wav,data/raw/CREMA-D/AudioWAV/1078_IOM_SAD_XX.wav,1078,IOM,SAD,sad,sad,neutral,False
1078_ITH_DIS_XX.wav,data/raw/CREMA-D/AudioWAV/1078_ITH_DIS_XX.wav,1078,ITH,DIS,disgust,disgust,happy,False
1078_ITH_NEU_XX.wav,data/raw/CREMA-D/AudioWAV/1078_ITH_NEU_XX.wav,1078,ITH,NEU,neutral,neutral,happy,False
1078_ITS_ANG_XX.wav,data/raw/CREMA-D/AudioWAV/1078_ITS_ANG_XX.wav,1078,ITS,ANG,angry,angry,happy,False
1078_ITS_DIS_XX.wav,data/raw/CREMA-D/AudioWAV/1078_ITS_DIS_XX.wav,1078,ITS,DIS,disgust,disgust,angry,False
1078_ITS_NEU_XX.wav,data/raw/CREMA-D/AudioWAV/1078_ITS_NEU_XX.wav,1078,ITS,NEU,neutral,neutral,happy,False
1078_IWL_DIS_XX.wav,data/raw/CREMA-D/AudioWAV/1078_IWL_DIS_XX.wav,1078,IWL,DIS,disgust,disgust,neutral,False
1078_IWL_FEA_XX.wav,data/raw/CREMA-D/AudioWAV/1078_IWL_FEA_XX.wav,1078,IWL,FEA,fear,fear,happy,False
1078_IWL_SAD_XX.wav,data/raw/CREMA-D/AudioWAV/1078_IWL_SAD_XX.wav,1078,IWL,SAD,sad,sad,fear,False
1078_IWW_DIS_XX.wav,data/raw/CREMA-D/AudioWAV/1078_IWW_DIS_XX.wav,1078,IWW,DIS,disgust,disgust,neutral,False
1078_IWW_FEA_XX.wav,data/raw/CREMA-D/AudioWAV/1078_IWW_FEA_XX.wav,1078,IWW,FEA,fear,fear,sad,False
1078_IWW_HAP_XX.wav,data/raw/CREMA-D/AudioWAV/1078_IWW_HAP_XX.wav,1078,IWW,HAP,happy,happy,fear,False
1078_MTI_FEA_XX.wav,data/raw/CREMA-D/AudioWAV/1078_MTI_FEA_XX.wav,1078,MTI,FEA,fear,fear,happy,False
1078_MTI_HAP_XX.wav,data/raw/CREMA-D/AudioWAV/1078_MTI_HAP_XX.wav,1078,MTI,HAP,happy,happy,disgust,False
1078_TAI_DIS_XX.wav,data/raw/CREMA-D/AudioWAV/1078_TAI_DIS_XX.wav,1078,TAI,DIS,disgust,disgust,angry,False
1078_TAI_FEA_XX.wav,data/raw/CREMA-D/AudioWAV/1078_TAI_FEA_XX.wav,1078,TAI,FEA,fear,fear,happy,False
1078_TAI_HAP_XX.wav,data/raw/CREMA-D/AudioWAV/1078_TAI_HAP_XX.wav,1078,TAI,HAP,happy,happy,angry,False
1078_TIE_HAP_XX.wav,data/raw/CREMA-D/AudioWAV/1078_TIE_HAP_XX.wav,1078,TIE,HAP,happy,happy,angry,False
1078_TIE_SAD_XX.wav,data/raw/CREMA-D/AudioWAV/1078_TIE_SAD_XX.wav,1078,TIE,SAD,sad,sad,fear,False
1078_TSI_DIS_XX.wav,data/raw/CREMA-D/AudioWAV/1078_TSI_DIS_XX.wav,1078,TSI,DIS,disgust,disgust,happy,False
1078_TSI_FEA_XX.wav,data/raw/CREMA-D/AudioWAV/1078_TSI_FEA_XX.wav,1078,TSI,FEA,fear,fear,happy,False
1078_TSI_SAD_XX.wav,data/raw/CREMA-D/AudioWAV/1078_TSI_SAD_XX.wav,1078,TSI,SAD,sad,sad,fear,False
1078_WSI_DIS_XX.wav,data/raw/CREMA-D/AudioWAV/1078_WSI_DIS_XX.wav,1078,WSI,DIS,disgust,disgust,happy,False
1078_WSI_FEA_XX.wav,data/raw/CREMA-D/AudioWAV/1078_WSI_FEA_XX.wav,1078,WSI,FEA,fear,fear,happy,False
1078_WSI_NEU_XX.wav,data/raw/CREMA-D/AudioWAV/1078_WSI_NEU_XX.wav,1078,WSI,NEU,neutral,neutral,sad,False
