decision_margin,correct
1.076924761762832361e+00,0.000000000000000000e+00
9.993131756979245495e-01,0.000000000000000000e+00
1.090279812813065519e+00,0.000000000000000000e+00
1.027172020267308916e+00,1.000000000000000000e+00
9.965405706513141837e-01,0.000000000000000000e+00
2.232007322432671970e-02,0.000000000000000000e+00
1.042201397946127095e+00,1.000000000000000000e+00
9.899820204035876259e-01,0.000000000000000000e+00
9.995629782161072896e-01,1.000000000000000000e+00
1.062871695368217573e+00,0.000000000000000000e+00
1.066156709556282500e+00,0.000000000000000000e+00
1.089582561196224653e+00,0.000000000000000000e+00
1.012868950862847228e+00,0.000000000000000000e+00
1.014392288352080840e+00,0.000000000000000000e+00
1.033475730442568796e+00,0.000000000000000000e+00
1.023208675440037574e+00,1.000000000000000000e+00
9.942572944853598216e-01,1.000000000000000000e+00
1.036182932127200473e+00,1.000000000000000000e+00
1.052442504732510997e+00,0.000000000000000000e+00
9.960640076956810418e-01,0.000000000000000000e+00
9.802525229675689289e-01,1.000000000000000000e+00
9.946810873384270835e-01,0.000000000000000000e+00
1.012974780457622792e+00,0.000000000000000000e+00
1.006328542426679462e+00,1.000000000000000000e+00
9.855615457451118999e-01,0.000000000000000000e+00
1.067245963834630551e+00,1.000000000000000000e+00
1.028457927345080236e+00,0.000000000000000000e+00
3.048081617787623543e-02,0.000000000000000000e+00
1.080655575136017177e+00,0.000000000000000000e+00
1.026882789829470788e+00,0.000000000000000000e+00
1.125738792376839825e+00,0.000000000000000000e+00
1.140727750019305375e+00,1.000000000000000000e+00
1.004119455963568441e+00,1.000000000000000000e+00
1.041291714615126374e+00,1.000000000000000000e+00
1.029538515173912039e+00,0.000000000000000000e+00
1.137985197077146182e+00,0.000000000000000000e+00
1.025749325332406592e+00,0.000000000000000000e+00
1.116167393199254398e+00,1.000000000000000000e+00
1.055852404758899965e+00,0.000000000000000000e+00
1.007729177968244905e+00,0.000000000000000000e+00
1.029425190504690057e+00,1.000000000000000000e+00
1.065223203237628979e+00,0.000000000000000000e+00
1.056530019807107479e+00,0.000000000000000000e+00
1.037039259008415648e+00,1.000000000000000000e+00
1.122293452744117737e+00,0.000000000000000000e+00
1.047169700247314594e+00,0.000000000000000000e+00
1.089436020472556166e+00,0.000000000000000000e+00
1.050893392802801252e+00,0.000000000000000000e+00
1.107899344679657005e+00,0.000000000000000000e+00
2.142048936433073258e+00,1.000000000000000000e+00
1.065211270503755081e+00,1.000000000000000000e+00
1.009399106177700567e+00,0.000000000000000000e+00
9.806357542810708594e-01,1.000000000000000000e+00
9.719697205860642342e-01,0.000000000000000000e+00
1.077734586428763741e+00,0.000000000000000000e+00
1.105240993279468675e+00,1.000000000000000000e+00
1.050486505020062467e+00,0.000000000000000000e+00
1.082645166740663356e+00,0.000000000000000000e+00
9.960232451288710820e-01,0.000000000000000000e+00
6.580962191041983544e-03,1.000000000000000000e+00
1.076291620378136749e+00,0.000000000000000000e+00
1.030835175416481952e+00,1.000000000000000000e+00
1.045084403739212853e+00,0.000000000000000000e+00
1.072127811498916117e+00,0.000000000000000000e+00
1.002062013378869132e+00,1.000000000000000000e+00
1.062706039824620419e+00,0.000000000000000000e+00
1.185024929011140316e+00,0.000000000000000000e+00
1.037193762818231058e+00,1.000000000000000000e+00
1.021549642746234277e+00,1.000000000000000000e+00
1.047562312189528555e+00,0.000000000000000000e+00
1.014305637417062478e+00,1.000000000000000000e+00
1.154300118450924728e+00,0.000000000000000000e+00
1.043755734790083878e+00,0.000000000000000000e+00
1.029903194788154508e+00,0.000000000000000000e+00
1.083874867923142915e+00,0.000000000000000000e+00
1.060775480503244772e+00,0.000000000000000000e+00
9.874697322631433849e-01,1.000000000000000000e+00
1.017833434893971045e+00,0.000000000000000000e+00
1.046832995036269587e+00,0.000000000000000000e+00
1.047205548352342142e+00,0.000000000000000000e+00
1.040164529675369209e+00,0.000000000000000000e+00
1.046827643327354451e+00,0.000000000000000000e+00
9.995614572703557243e-01,1.000000000000000000e+00
1.014073527389591334e+00,0.000000000000000000e+00
1.026095003473486145e+00,0.000000000000000000e+00
1.039416633105889609e+00,1.000000000000000000e+00
1.069578259139593257e+00,0.000000000000000000e+00
2.074757033268456397e+00,1.000000000000000000e+00
1.010368959842292469e+00,1.000000000000000000e+00
9.870984652818401983e-01,0.000000000000000000e+00
1.111052938828606784e+00,1.000000000000000000e+00
1.122317954517038530e+00,0.000000000000000000e+00
9.933279243125161528e-01,0.000000000000000000e+00
1.021394079797054211e+00,0.000000000000000000e+00
9.967379559823044133e-01,1.000000000000000000e+00
1.015996076530581327e+00,0.000000000000000000e+00
1.063107779426982091e+00,1.000000000000000000e+00
1.035478376141106160e+00,1.000000000000000000e+00
1.049088897165521672e+00,0.000000000000000000e+00
1.115099172459644628e+00,1.000000000000000000e+00
1.034588801899048782e+00,0.000000000000000000e+00
1.145356426300947028e+00,0.000000000000000000e+00
1.030142399352812710e+00,1.000000000000000000e+00
1.035140344877741647e+00,0.000000000000000000e+00
1.025436166393453696e+00,1.000000000000000000e+00
1.006557380771372578e+00,0.000000000000000000e+00
1.514871052545707641e-02,1.000000000000000000e+00
1.030075631614881360e+00,1.000000000000000000e+00
1.099537400568447509e+00,0.000000000000000000e+00
1.026573211899603599e+00,1.000000000000000000e+00
1.081555203274580990e+00,1.000000000000000000e+00
1.058663067998767637e+00,0.000000000000000000e+00
6.119363381595910312e-03,0.000000000000000000e+00
9.816090289337449093e-01,0.000000000000000000e+00
1.000554661014357194e+00,0.000000000000000000e+00
1.040150511808513478e+00,0.000000000000000000e+00
1.025377118492157180e+00,1.000000000000000000e+00
1.035976509786056710e+00,1.000000000000000000e+00
1.053044496367797400e+00,0.000000000000000000e+00
1.061664258758843182e+00,0.000000000000000000e+00
1.048922231986407994e+00,0.000000000000000000e+00
1.036431401578475686e+00,0.000000000000000000e+00
1.067272874657879456e+00,1.000000000000000000e+00
1.091361598973909608e+00,0.000000000000000000e+00
1.053014731734135623e+00,0.000000000000000000e+00
9.864334237701042341e-01,0.000000000000000000e+00
1.009340032574563395e+00,1.000000000000000000e+00
1.019214044114823636e+00,0.000000000000000000e+00
1.086417116676594574e+00,0.000000000000000000e+00
1.040431839323640695e+00,1.000000000000000000e+00
9.828336375473778475e-01,0.000000000000000000e+00
1.036207375006969578e+00,1.000000000000000000e+00
1.030745258992784130e+00,0.000000000000000000e+00
1.070496324461100102e+00,1.000000000000000000e+00
1.026967398257664144e+00,0.000000000000000000e+00
1.057610851960315124e+00,1.000000000000000000e+00
1.101382887690982137e+00,1.000000000000000000e+00
1.010778498777486156e+00,0.000000000000000000e+00
3.204172133966221026e-02,0.000000000000000000e+00
1.008402405108973277e+00,0.000000000000000000e+00
1.144008969913952178e+00,1.000000000000000000e+00
1.030772808337436786e+00,0.000000000000000000e+00
1.020626312037429706e+00,0.000000000000000000e+00
1.199281141656290295e+00,1.000000000000000000e+00
1.023380075454487503e+00,0.000000000000000000e+00
1.014758748934575294e+00,1.000000000000000000e+00
1.058676964029492851e+00,1.000000000000000000e+00
1.003452453432127633e+00,0.000000000000000000e+00
1.035965309052230054e+00,0.000000000000000000e+00
1.078763929491681317e+00,0.000000000000000000e+00
1.209562712872344292e+00,0.000000000000000000e+00
1.066814788574616202e+00,0.000000000000000000e+00
1.050484007948126575e+00,1.000000000000000000e+00
1.009403164411034837e+00,0.000000000000000000e+00
1.032213188416579719e+00,1.000000000000000000e+00
1.034481396450869006e+00,0.000000000000000000e+00
1.134514695870837642e+00,1.000000000000000000e+00
1.046169440659217464e+00,0.000000000000000000e+00
1.072075253351578716e+00,1.000000000000000000e+00
1.176210636052855918e+00,1.000000000000000000e+00
1.098253438600129250e+00,0.000000000000000000e+00
1.070844370851594007e+00,0.000000000000000000e+00
1.060596495456440636e+00,0.000000000000000000e+00
1.155135417483373672e+00,0.000000000000000000e+00
1.071196264495865691e+00,1.000000000000000000e+00
2.075923475047725120e-01,0.000000000000000000e+00
1.024646730561228125e+00,0.000000000000000000e+00
1.006663254302644361e+00,0.000000000000000000e+00
1.130126380162796984e+00,1.000000000000000000e+00
1.018068536484017628e+00,1.000000000000000000e+00
1.032831835721312430e+00,1.000000000000000000e+00
1.008516792337687207e+00,1.000000000000000000e+00
9.938703281853529248e-01,1.000000000000000000e+00
1.093163611361349652e+00,1.000000000000000000e+00
1.036489618462140605e+00,0.000000000000000000e+00
9.805802671768031331e-01,0.000000000000000000e+00
1.005185810595922824e+00,0.000000000000000000e+00
1.042024023289615187e+00,0.000000000000000000e+00
1.012757278670013861e+00,0.000000000000000000e+00
9.947365795589879767e-01,0.000000000000000000e+00
1.101863472675975508e+00,0.000000000000000000e+00
1.046027346860498142e+00,1.000000000000000000e+00
1.092465584397545264e+00,0.000000000000000000e+00
1.023980866411557500e+00,0.000000000000000000e+00
1.002995104751051691e+00,1.000000000000000000e+00
1.000053723867289968e+00,0.000000000000000000e+00
1.013099366665278112e+00,1.000000000000000000e+00
1.029195027301982535e+00,1.000000000000000000e+00
9.962888729668595289e-01,1.000000000000000000e+00
1.058598538555409085e+00,1.000000000000000000e+00
1.346966309974447107e+00,1.000000000000000000e+00
9.966942275007095731e-01,0.000000000000000000e+00
1.018942383954682285e+00,1.000000000000000000e+00
1.129372139317616153e+00,1.000000000000000000e+00
1.027888847318815913e+00,0.000000000000000000e+00
1.016544720261446599e+00,0.000000000000000000e+00
1.183377605906845709e+00,1.000000000000000000e+00
1.146314241802946832e+00,1.000000000000000000e+00
1.021886889307142887e+00,1.000000000000000000e+00
1.206228400127578482e+00,1.000000000000000000e+00
1.016116510297104369e+00,0.000000000000000000e+00
1.029014557734995172e+00,1.000000000000000000e+00
1.112862860549869382e+00,1.000000000000000000e+00
1.051361337122550310e+00,1.000000000000000000e+00
1.036771542666149237e+00,1.000000000000000000e+00
1.351187440454406641e-01,1.000000000000000000e+00
1.003587997872416260e+00,1.000000000000000000e+00
1.014116809488815996e+00,0.000000000000000000e+00
1.055886351107430343e+00,1.000000000000000000e+00
1.077994960146931192e+00,0.000000000000000000e+00
1.077262393202347290e+00,1.000000000000000000e+00
1.073221665918706158e+00,0.000000000000000000e+00
1.085911388817752510e+00,1.000000000000000000e+00
1.034701821587716175e+00,1.000000000000000000e+00
1.059897970475760509e+00,1.000000000000000000e+00
1.022847650612182413e+00,1.000000000000000000e+00
1.055725211752037040e+00,1.000000000000000000e+00
1.001932996296075018e+00,0.000000000000000000e+00
1.002987336622801706e+00,1.000000000000000000e+00
1.016216154721966802e+00,0.000000000000000000e+00
1.187108685093640759e-03,0.000000000000000000e+00
1.129111734234533593e+00,1.000000000000000000e+00
1.049432710742196129e+00,1.000000000000000000e+00
9.970541300586566180e-01,0.000000000000000000e+00
1.107826175400706603e+00,1.000000000000000000e+00
1.040746540244813723e+00,0.000000000000000000e+00
1.067589333640258431e+00,1.000000000000000000e+00
1.009826082977948403e+00,1.000000000000000000e+00
1.076067161700581032e+00,1.000000000000000000e+00
1.322720845931790734e-02,0.000000000000000000e+00
1.297687064325182771e+00,1.000000000000000000e+00
2.190814168831520359e+00,0.000000000000000000e+00
1.021307136435452456e+00,1.000000000000000000e+00
1.010930458394790676e+00,1.000000000000000000e+00
1.004081857129150102e+00,1.000000000000000000e+00
1.062956563975587798e+00,0.000000000000000000e+00
9.985815172402814355e-01,0.000000000000000000e+00
1.062310843506298674e+00,0.000000000000000000e+00
1.083331326609608070e+00,1.000000000000000000e+00
9.899286374979547887e-01,1.000000000000000000e+00
1.071344903861904285e+00,1.000000000000000000e+00
1.099272324225864850e+00,0.000000000000000000e+00
1.051193581083730066e+00,1.000000000000000000e+00
1.014504913875705405e+00,0.000000000000000000e+00
1.034926100645089164e+00,0.000000000000000000e+00
1.099272324225864850e+00,0.000000000000000000e+00
1.024309076649609906e+00,1.000000000000000000e+00
1.026871977107628453e+00,1.000000000000000000e+00
9.853012480781924154e-01,0.000000000000000000e+00
1.063900095595879058e+00,1.000000000000000000e+00
1.011360138079747450e+00,1.000000000000000000e+00
1.044233014406048099e+00,0.000000000000000000e+00
1.052857747176441983e+00,1.000000000000000000e+00
1.060472911632196258e+00,0.000000000000000000e+00
1.004022537687555783e+00,0.000000000000000000e+00
1.026549029553478043e+00,1.000000000000000000e+00
1.003379214447726930e+00,0.000000000000000000e+00
9.641650050544106065e-01,0.000000000000000000e+00
1.027773602183133406e+00,1.000000000000000000e+00
1.137293139683192678e+00,0.000000000000000000e+00
1.053445044260862495e+00,0.000000000000000000e+00
1.026327069448914386e+00,0.000000000000000000e+00
4.564778177582695662e-02,0.000000000000000000e+00
2.132299214836465673e+00,1.000000000000000000e+00
1.016822103722442527e+00,0.000000000000000000e+00
2.055189709238467444e+00,0.000000000000000000e+00
1.025868839067815230e+00,1.000000000000000000e+00
1.023404753691426805e+00,1.000000000000000000e+00
1.050102914865793657e+00,0.000000000000000000e+00
1.058262019813120958e+00,1.000000000000000000e+00
1.993143973858231277e+00,0.000000000000000000e+00
1.039451629559956736e+00,1.000000000000000000e+00
1.061049193541779623e+00,1.000000000000000000e+00
1.037955258592569763e+00,0.000000000000000000e+00
9.893844107351359440e-01,1.000000000000000000e+00
1.132173381516308197e+00,1.000000000000000000e+00
1.015594006246190339e+00,0.000000000000000000e+00
1.116416236759140368e+00,1.000000000000000000e+00
1.032998630089074332e+00,0.000000000000000000e+00
2.096090064592425417e+00,1.000000000000000000e+00
1.007223447757290558e+00,1.000000000000000000e+00
1.055218707664947964e+00,1.000000000000000000e+00
1.027730435836578415e+00,0.000000000000000000e+00
1.024249947250819304e+00,1.000000000000000000e+00
9.733166458536643972e-01,1.000000000000000000e+00
1.134545297003816344e+00,0.000000000000000000e+00
1.064616473538737118e+00,1.000000000000000000e+00
1.106431820248851672e+00,1.000000000000000000e+00
1.015144988798682313e+00,1.000000000000000000e+00
9.870500477214676494e-01,0.000000000000000000e+00
1.143279935386633639e+00,1.000000000000000000e+00
1.199563988980743900e+00,0.000000000000000000e+00
1.053225507042772513e+00,0.000000000000000000e+00
1.038212651205444814e+00,1.000000000000000000e+00
2.530646846388151516e-04,1.000000000000000000e+00
1.073140571448341518e+00,1.000000000000000000e+00
1.015446398422096053e+00,0.000000000000000000e+00
1.010656318536780063e+00,0.000000000000000000e+00
9.982046491137754884e-01,1.000000000000000000e+00
1.022870756666065084e+00,0.000000000000000000e+00
1.046810147792029966e+00,0.000000000000000000e+00
1.034833809848586306e+00,0.000000000000000000e+00
1.033036187087660984e+00,1.000000000000000000e+00
1.026513722733271905e+00,0.000000000000000000e+00
1.034165364285025035e+00,1.000000000000000000e+00
1.024141490010013200e+00,0.000000000000000000e+00
1.011796059889377375e+00,1.000000000000000000e+00
9.810030483592697692e-01,1.000000000000000000e+00
2.006551809968183164e+00,0.000000000000000000e+00
9.724305712653169564e-01,0.000000000000000000e+00
1.027320509092516154e+00,1.000000000000000000e+00
1.070283349899674441e+00,1.000000000000000000e+00
9.956819354721879733e-01,0.000000000000000000e+00
1.011492066889891461e+00,0.000000000000000000e+00
1.019102920558851544e+00,1.000000000000000000e+00
1.007785811025877720e+00,0.000000000000000000e+00
1.041981799828127109e+00,1.000000000000000000e+00
9.854355766775340086e-01,0.000000000000000000e+00
1.059446590129629939e+00,1.000000000000000000e+00
9.869257401874484970e-01,0.000000000000000000e+00
1.030173740215796663e+00,1.000000000000000000e+00
1.013903623089954742e+00,1.000000000000000000e+00
1.097984010483945561e+00,1.000000000000000000e+00
1.032049599080901991e+00,0.000000000000000000e+00
1.065305652716829421e+00,0.000000000000000000e+00
1.116249002996993589e+00,1.000000000000000000e+00
1.050255037476477860e+00,0.000000000000000000e+00
1.020699188012335057e+00,0.000000000000000000e+00
1.027395991198435610e+00,1.000000000000000000e+00
1.012133699963452926e+00,0.000000000000000000e+00
1.026793862698164084e+00,0.000000000000000000e+00
1.128956232229076484e+00,1.000000000000000000e+00
1.132550030879437841e+00,1.000000000000000000e+00
1.000396708847678617e+00,0.000000000000000000e+00
1.022735941964175943e+00,1.000000000000000000e+00
1.023149434972448368e+00,0.000000000000000000e+00
1.007680789542204636e+00,1.000000000000000000e+00
1.105743340842010092e+00,0.000000000000000000e+00
1.064575303981330379e+00,0.000000000000000000e+00
1.006642395183733996e+00,0.000000000000000000e+00
1.031604367038307046e+00,0.000000000000000000e+00
1.016997180754295016e+00,0.000000000000000000e+00
1.033595540105680222e+00,0.000000000000000000e+00
1.011612056858611552e+00,0.000000000000000000e+00
1.041483044708533257e+00,0.000000000000000000e+00
2.114572410209032416e+00,1.000000000000000000e+00
2.022399817252357401e+00,0.000000000000000000e+00
9.856028409342183494e-01,1.000000000000000000e+00
1.036903294686005950e+00,1.000000000000000000e+00
1.196025086534827864e+00,1.000000000000000000e+00
1.126012320043082049e+00,1.000000000000000000e+00
1.097262797405655910e+00,0.000000000000000000e+00
1.074441721166772723e+00,1.000000000000000000e+00
1.052851474199537840e+00,1.000000000000000000e+00
1.095255027857108487e+00,1.000000000000000000e+00
1.046936025207934939e+00,1.000000000000000000e+00
1.069848113615670115e+00,1.000000000000000000e+00
1.036448678567260195e+00,0.000000000000000000e+00
1.000762906294806243e+00,1.000000000000000000e+00
1.081762109658133575e+00,1.000000000000000000e+00
1.007714424741008585e+00,0.000000000000000000e+00
1.029900428668116596e+00,1.000000000000000000e+00
1.051229788248880581e+00,1.000000000000000000e+00
1.065894554830353336e+00,0.000000000000000000e+00
3.822302193133086945e-02,0.000000000000000000e+00
9.987255498550453581e-01,0.000000000000000000e+00
1.031322359672874889e+00,1.000000000000000000e+00
1.032728597019270111e+00,1.000000000000000000e+00
1.055867132767870586e+00,1.000000000000000000e+00
1.009694269172245029e+00,1.000000000000000000e+00
1.049507587293335042e+00,1.000000000000000000e+00
2.281003887370785854e+00,1.000000000000000000e+00
1.079432737318452240e+00,0.000000000000000000e+00
1.998139914918632520e+00,0.000000000000000000e+00
1.014971491525923142e+00,0.000000000000000000e+00
1.016925635837916175e+00,0.000000000000000000e+00
8.689735716949087418e-05,0.000000000000000000e+00
1.021186903180627326e+00,1.000000000000000000e+00
9.940083980235892014e-01,0.000000000000000000e+00
1.011048844844727235e+00,1.000000000000000000e+00
1.022078610273926103e+00,1.000000000000000000e+00
1.023753450423217970e+00,0.000000000000000000e+00
1.042639826100853817e+00,0.000000000000000000e+00
1.072257733558998005e+00,1.000000000000000000e+00
9.897505790539895543e-01,0.000000000000000000e+00
2.068266843511497477e+00,1.000000000000000000e+00
1.064265202293070978e+00,1.000000000000000000e+00
1.058451196641267522e+00,1.000000000000000000e+00
1.003028088145952346e+00,0.000000000000000000e+00
1.036567912377385881e+00,0.000000000000000000e+00
1.057645198786942409e+00,1.000000000000000000e+00
7.772056936929949700e-03,0.000000000000000000e+00
1.011773141910514262e+00,1.000000000000000000e+00
1.181102862343254678e+00,1.000000000000000000e+00
1.010583179152389377e+00,0.000000000000000000e+00
1.004937995422620745e+00,0.000000000000000000e+00
1.015367326436246387e+00,1.000000000000000000e+00
1.020953645632718398e+00,1.000000000000000000e+00
1.143436439190328890e+00,1.000000000000000000e+00
1.101918950908719275e+00,1.000000000000000000e+00
9.999264926171038681e-01,1.000000000000000000e+00
1.077740913418474555e+00,0.000000000000000000e+00
1.003238628974390423e+00,1.000000000000000000e+00
1.054716931056319140e+00,1.000000000000000000e+00
1.055343300776943494e+00,1.000000000000000000e+00
1.124373321393666636e+00,0.000000000000000000e+00
9.984327920197229034e-01,0.000000000000000000e+00
1.015936209185591466e+00,1.000000000000000000e+00
1.140178698139848734e-02,1.000000000000000000e+00
9.993889733808565268e-01,0.000000000000000000e+00
1.029607458749711490e+00,1.000000000000000000e+00
1.021300787338256910e+00,0.000000000000000000e+00
1.007024199515038632e+00,0.000000000000000000e+00
1.057523334552831429e+00,1.000000000000000000e+00
2.164094000308359078e+00,0.000000000000000000e+00
1.039372076051360061e+00,0.000000000000000000e+00
1.026678393006282164e+00,1.000000000000000000e+00
1.054554167082264016e+00,1.000000000000000000e+00
1.016097585778474865e+00,0.000000000000000000e+00
9.942177831432719159e-01,0.000000000000000000e+00
1.097347757565029447e+00,0.000000000000000000e+00
1.034613043553842537e+00,0.000000000000000000e+00
9.991584531174417805e-01,0.000000000000000000e+00
9.499692955617149437e-01,0.000000000000000000e+00
1.428872273820758210e-02,1.000000000000000000e+00
1.081138520869499686e+00,0.000000000000000000e+00
1.105926323355124197e+00,1.000000000000000000e+00
1.047792324456484181e+00,1.000000000000000000e+00
1.039444853249294809e+00,1.000000000000000000e+00
1.012224170989820315e+00,0.000000000000000000e+00
1.005701500230223644e+00,1.000000000000000000e+00
1.051137040205803785e+00,0.000000000000000000e+00
1.004766968377844627e+00,1.000000000000000000e+00
1.032214514580974019e+00,0.000000000000000000e+00
1.006140111961636663e+00,1.000000000000000000e+00
1.002353502716516687e+00,1.000000000000000000e+00
8.774109507348804016e-03,0.000000000000000000e+00
1.025554680591241663e+00,0.000000000000000000e+00
1.025738556568840387e+00,1.000000000000000000e+00
1.044033803891935008e+00,0.000000000000000000e+00
9.788970907739491523e-01,1.000000000000000000e+00
1.023942668812901857e+00,1.000000000000000000e+00
1.073005263747923266e+00,1.000000000000000000e+00
1.012710551125044489e+00,0.000000000000000000e+00
1.066959353283196243e+00,1.000000000000000000e+00
1.008861429284551470e+00,0.000000000000000000e+00
9.893388789541353034e-01,0.000000000000000000e+00
1.013405233937369587e+00,1.000000000000000000e+00
1.070192838844183925e+00,1.000000000000000000e+00
1.041839029422280127e+00,0.000000000000000000e+00
1.041507730528441478e+00,1.000000000000000000e+00
1.014940111543937817e+00,0.000000000000000000e+00
9.934669956202801799e-01,0.000000000000000000e+00
9.945666994890425272e-01,0.000000000000000000e+00
9.958701043103790340e-01,0.000000000000000000e+00
1.022246028149871755e+00,0.000000000000000000e+00
1.008837471632640259e+00,1.000000000000000000e+00
1.174599228127960693e+00,0.000000000000000000e+00
1.057966131009777655e+00,1.000000000000000000e+00
1.077405119970443081e+00,1.000000000000000000e+00
1.036223495290487406e+00,1.000000000000000000e+00
2.264404258558450067e-03,0.000000000000000000e+00
1.059822755839834763e+00,1.000000000000000000e+00
1.140408524800418100e+00,0.000000000000000000e+00
9.988263947168638524e-01,0.000000000000000000e+00
1.009790832616378253e+00,0.000000000000000000e+00
9.661610287915864959e-01,0.000000000000000000e+00
1.000234212484309104e+00,0.000000000000000000e+00
1.033848273739969237e+00,1.000000000000000000e+00
1.026424207381252174e+00,0.000000000000000000e+00
1.029494689645017225e+00,1.000000000000000000e+00
9.977309482166054622e-01,0.000000000000000000e+00
1.103180093667904593e+00,1.000000000000000000e+00
1.016191322320546320e+00,0.000000000000000000e+00
1.007217482149092902e+00,1.000000000000000000e+00
1.035796186794961216e+00,0.000000000000000000e+00
9.971616264218594594e-01,1.000000000000000000e+00
1.001684593099101406e+00,0.000000000000000000e+00
1.146654018321119572e+00,1.000000000000000000e+00
1.006610962849743274e+00,1.000000000000000000e+00
1.061903041726742103e+00,1.000000000000000000e+00
1.034545781426795763e+00,0.000000000000000000e+00
6.386229857948677591e-04,0.000000000000000000e+00
1.004274220434989928e+00,1.000000000000000000e+00
1.011700414611627075e+00,0.000000000000000000e+00
1.000067330614834660e+00,0.000000000000000000e+00
1.015224399271267508e+00,1.000000000000000000e+00
1.006264617248764814e+00,0.000000000000000000e+00
1.016067832223233935e+00,0.000000000000000000e+00
1.066518311455062928e+00,1.000000000000000000e+00
1.217227987442570658e+00,0.000000000000000000e+00
1.060339166135569222e+00,0.000000000000000000e+00
1.034775267549841615e+00,1.000000000000000000e+00
1.017543060987970094e+00,0.000000000000000000e+00
2.037398425560434934e+00,0.000000000000000000e+00
1.076714159339091204e+00,1.000000000000000000e+00
1.108106638588341575e+00,1.000000000000000000e+00
1.026586664724392861e+00,1.000000000000000000e+00
1.034192010174055376e+00,1.000000000000000000e+00
1.043210918232967188e+00,0.000000000000000000e+00
1.078194665392447682e+00,1.000000000000000000e+00
1.046167201632532517e+00,0.000000000000000000e+00
1.104921652973833268e+00,0.000000000000000000e+00
1.089408737493686274e+00,1.000000000000000000e+00
1.007883300514685665e+00,0.000000000000000000e+00
1.030498148648709034e+00,0.000000000000000000e+00
1.035055382038456706e+00,0.000000000000000000e+00
1.030514403315417660e+00,0.000000000000000000e+00
1.061563692080518706e+00,0.000000000000000000e+00
1.008151589774775481e+00,0.000000000000000000e+00
1.168739947179040506e+00,1.000000000000000000e+00
2.086738022464093678e+00,0.000000000000000000e+00
1.040475498774779517e+00,1.000000000000000000e+00
1.087720860436921733e+00,0.000000000000000000e+00
1.063219459667752886e+00,1.000000000000000000e+00
9.977789863336914422e-01,1.000000000000000000e+00
1.027857259564382453e+00,0.000000000000000000e+00
1.043577828228052340e+00,1.000000000000000000e+00
1.089822049626048894e+00,1.000000000000000000e+00
1.047102974140645237e+00,1.000000000000000000e+00
1.026889619949296950e+00,1.000000000000000000e+00
1.024751493612565234e+00,0.000000000000000000e+00
1.017780837250244375e+00,0.000000000000000000e+00
1.074343786999560457e+00,1.000000000000000000e+00
1.005090141678548044e+00,0.000000000000000000e+00
1.013066047937699388e+00,1.000000000000000000e+00
1.049593721493693010e+00,1.000000000000000000e+00
9.905768231214766573e-01,0.000000000000000000e+00
9.962030358708728883e-01,0.000000000000000000e+00
1.033319910541980136e+00,1.000000000000000000e+00
9.927407873075644318e-01,0.000000000000000000e+00
1.054697433677174168e+00,1.000000000000000000e+00
1.072291740818619665e+00,1.000000000000000000e+00
9.984734106921910879e-01,1.000000000000000000e+00
1.050403257129766565e+00,0.000000000000000000e+00
9.979514384227972101e-01,0.000000000000000000e+00
1.035866868449447864e+00,1.000000000000000000e+00
1.064416921914760117e+00,1.000000000000000000e+00
1.050379721158165580e+00,1.000000000000000000e+00
1.017250761732945818e+00,0.000000000000000000e+00
1.099138950745674137e+00,0.000000000000000000e+00
1.026565712246276796e+00,0.000000000000000000e+00
1.035921980722102731e+00,0.000000000000000000e+00
1.036235096443739678e+00,1.000000000000000000e+00
1.004311106127060427e+00,0.000000000000000000e+00
9.256286449534911753e-03,1.000000000000000000e+00
1.006108965824077828e+00,0.000000000000000000e+00
1.282736881638792958e+00,1.000000000000000000e+00
1.025176610009722822e+00,0.000000000000000000e+00
9.895382024745966731e-01,0.000000000000000000e+00
1.038822993684983764e+00,1.000000000000000000e+00
1.042968404065429233e+00,1.000000000000000000e+00
1.082201423880725599e+00,0.000000000000000000e+00
1.025638334419802788e+00,0.000000000000000000e+00
1.089820530561916634e+00,1.000000000000000000e+00
1.021792409595400741e+00,0.000000000000000000e+00
1.011884362416549443e+00,0.000000000000000000e+00
3.321108732300626087e-02,0.000000000000000000e+00
1.067641422843933263e+00,0.000000000000000000e+00
1.016060622077938014e+00,0.000000000000000000e+00
1.048446711169741974e+00,0.000000000000000000e+00
1.069613080478015732e+00,1.000000000000000000e+00
1.051070222036369017e+00,0.000000000000000000e+00
1.007228377317140655e+00,0.000000000000000000e+00
1.009133206594285959e+00,0.000000000000000000e+00
2.194198362257115509e+00,0.000000000000000000e+00
1.041896735286849562e+00,0.000000000000000000e+00
1.039715003224575440e+00,1.000000000000000000e+00
1.052198367193421191e+00,0.000000000000000000e+00
1.040680595664563945e+00,0.000000000000000000e+00
1.003821261287607847e+00,1.000000000000000000e+00
1.005137419499175344e+00,0.000000000000000000e+00
1.067117191292790146e+00,1.000000000000000000e+00
1.063958508744375919e+00,1.000000000000000000e+00
1.043066297038941492e+00,1.000000000000000000e+00
1.005208183168885938e+00,0.000000000000000000e+00
1.007590767653835151e+00,1.000000000000000000e+00
9.906140008773425265e-01,0.000000000000000000e+00
2.110298486753774405e+00,0.000000000000000000e+00
1.036817997272883041e+00,0.000000000000000000e+00
1.029364220271972385e+00,1.000000000000000000e+00
2.246623725559087070e+00,0.000000000000000000e+00
1.030170796432233082e+00,0.000000000000000000e+00
1.008789311886797435e+00,0.000000000000000000e+00
1.102451474683124211e+00,1.000000000000000000e+00
1.090571188349939824e+00,1.000000000000000000e+00
1.001201360630058268e+00,0.000000000000000000e+00
1.024121679624968806e+00,0.000000000000000000e+00
1.023829410229877723e+00,1.000000000000000000e+00
1.019580804734019353e+00,0.000000000000000000e+00
1.044267658466526250e+00,1.000000000000000000e+00
1.244023078846258734e+00,1.000000000000000000e+00
1.990034842403706428e+00,1.000000000000000000e+00
1.044802303497063711e+00,0.000000000000000000e+00
1.028714197212793557e+00,0.000000000000000000e+00
1.093746142892459083e+00,1.000000000000000000e+00
1.060791745553651744e+00,0.000000000000000000e+00
1.173287338443289585e+00,1.000000000000000000e+00
1.039473966152571371e+00,0.000000000000000000e+00
1.062944464574776759e+00,0.000000000000000000e+00
1.068860164900751641e+00,1.000000000000000000e+00
1.089023747830856870e+00,0.000000000000000000e+00
1.052149104536850288e+00,1.000000000000000000e+00
1.011559553468599049e+00,0.000000000000000000e+00
1.145453354692937964e+00,0.000000000000000000e+00
1.000761931298606910e+00,0.000000000000000000e+00
1.043501820637130706e+00,1.000000000000000000e+00
1.080977097536534259e+00,0.000000000000000000e+00
1.041088344646817987e+00,1.000000000000000000e+00
1.059914114654589845e+00,1.000000000000000000e+00
1.040701011404016718e+00,0.000000000000000000e+00
1.013735528737936598e+00,0.000000000000000000e+00
1.017310465623540772e+00,1.000000000000000000e+00
9.918231147839442485e-01,0.000000000000000000e+00
1.028257153724685402e+00,1.000000000000000000e+00
1.049242484197473679e+00,0.000000000000000000e+00
1.002971117515506272e+00,0.000000000000000000e+00
1.013100872824011844e+00,0.000000000000000000e+00
9.876489756827071531e-01,0.000000000000000000e+00
9.962781041587431829e-01,0.000000000000000000e+00
1.004610404077791230e+00,1.000000000000000000e+00
1.057017622359505360e+00,1.000000000000000000e+00
9.979141590455871125e-01,0.000000000000000000e+00
1.017327027912618753e+00,1.000000000000000000e+00
1.029644392308061818e+00,0.000000000000000000e+00
1.065956739849999835e+00,0.000000000000000000e+00
1.033358500485880072e+00,1.000000000000000000e+00
1.031313267135726797e+00,0.000000000000000000e+00
1.019868957425294376e+00,0.000000000000000000e+00
1.148243214223787056e+00,0.000000000000000000e+00
2.113471912692611809e+00,1.000000000000000000e+00
1.137064931573584126e+00,0.000000000000000000e+00
1.031316678989241176e+00,1.000000000000000000e+00
1.109076937172877031e+00,1.000000000000000000e+00
1.073201607551110826e+00,0.000000000000000000e+00
1.016751806778829703e+00,0.000000000000000000e+00
1.094936725128908606e+00,1.000000000000000000e+00
9.755191287480382556e-01,1.000000000000000000e+00
1.082949557814139041e+00,0.000000000000000000e+00
1.164772247464579635e+00,1.000000000000000000e+00
1.021374895142881378e+00,0.000000000000000000e+00
1.068210741905346595e+00,1.000000000000000000e+00
1.021437421017617808e+00,1.000000000000000000e+00
1.051491793793073448e+00,1.000000000000000000e+00
1.069629240127903280e+00,1.000000000000000000e+00
1.012902988568106899e+00,0.000000000000000000e+00
1.004093078759508373e+00,1.000000000000000000e+00
1.069668341219468743e+00,1.000000000000000000e+00
1.021017774557869018e+00,1.000000000000000000e+00
1.046763402802391774e+00,0.000000000000000000e+00
1.038653510681465164e+00,1.000000000000000000e+00
9.990408802300887459e-01,0.000000000000000000e+00
1.027834646617755254e+00,1.000000000000000000e+00
1.065067128853568690e+00,0.000000000000000000e+00
1.124984823432305880e+00,1.000000000000000000e+00
1.018103657611187707e+00,0.000000000000000000e+00
1.062167294936066320e+00,0.000000000000000000e+00
1.017254960857574275e+00,0.000000000000000000e+00
1.039115252813872736e+00,1.000000000000000000e+00
1.018381395621474894e+00,1.000000000000000000e+00
9.818227193309878587e-01,0.000000000000000000e+00
1.052345644320501705e+00,1.000000000000000000e+00
1.050879939281583297e+00,1.000000000000000000e+00
1.045393554480424925e+00,0.000000000000000000e+00
1.001868455412790127e+00,1.000000000000000000e+00
9.840856040782197667e-01,0.000000000000000000e+00
1.065602526936584304e+00,0.000000000000000000e+00
1.091415387479034216e+00,0.000000000000000000e+00
1.027313626115070377e+00,1.000000000000000000e+00
1.016360062796329622e+00,1.000000000000000000e+00
1.031699157670314726e+00,1.000000000000000000e+00
1.033998904941906716e+00,1.000000000000000000e+00
1.014815119882910288e+00,1.000000000000000000e+00
1.051556064113729150e+00,0.000000000000000000e+00
9.929187693157341954e-01,0.000000000000000000e+00
1.004100826705096594e+00,1.000000000000000000e+00
1.010080807572104611e+00,1.000000000000000000e+00
1.013852367739153770e+00,1.000000000000000000e+00
9.731455607789909479e-01,1.000000000000000000e+00
1.004185390381179488e+00,0.000000000000000000e+00
1.006842245090378896e+00,1.000000000000000000e+00
1.047424819938020057e+00,0.000000000000000000e+00
1.004993751617624831e+00,0.000000000000000000e+00
1.007211026321498615e+00,1.000000000000000000e+00
1.024198086781644257e+00,1.000000000000000000e+00
1.016144537744025023e+00,0.000000000000000000e+00
1.024234558788640115e+00,1.000000000000000000e+00
1.025085667398015765e+00,0.000000000000000000e+00
1.007657348632656102e+00,0.000000000000000000e+00
1.019327018925316075e+00,1.000000000000000000e+00
1.044082633272449989e+00,0.000000000000000000e+00
1.030495462370207171e+00,1.000000000000000000e+00
1.013234706985043587e+00,1.000000000000000000e+00
1.035897398027850080e+00,0.000000000000000000e+00
1.145882980972516840e+00,1.000000000000000000e+00
1.006355118325666709e+00,1.000000000000000000e+00
1.051743040913526883e+00,1.000000000000000000e+00
1.031582315708296171e+00,1.000000000000000000e+00
1.034718615092250715e+00,0.000000000000000000e+00
4.590306135868349457e-02,0.000000000000000000e+00
1.570501371650934175e-03,0.000000000000000000e+00
1.066758625949622008e+00,1.000000000000000000e+00
1.029753154560015815e+00,0.000000000000000000e+00
1.043981953421260656e+00,0.000000000000000000e+00
1.001930793611434112e+00,1.000000000000000000e+00
1.004125327178320148e+00,0.000000000000000000e+00
1.004474595558638050e+00,0.000000000000000000e+00
1.006772402813330025e+00,1.000000000000000000e+00
1.032443953066314535e+00,1.000000000000000000e+00
1.052412338118257296e+00,1.000000000000000000e+00
1.061739239097983400e+00,1.000000000000000000e+00
9.776980279357090353e-01,0.000000000000000000e+00
1.022290511453076256e+00,0.000000000000000000e+00
1.023296915365353499e+00,1.000000000000000000e+00
2.020757562986347011e+00,0.000000000000000000e+00
1.017511472937366435e+00,1.000000000000000000e+00
1.064094306769434617e+00,1.000000000000000000e+00
1.100322289992127445e+00,0.000000000000000000e+00
1.044656866500369041e+00,1.000000000000000000e+00
9.948827909464457164e-01,1.000000000000000000e+00
1.117579910390521292e+00,0.000000000000000000e+00
1.043210434623134120e+00,0.000000000000000000e+00
1.037282642349382833e+00,1.000000000000000000e+00
9.901931093490947688e-01,1.000000000000000000e+00
1.002908798763480824e+00,0.000000000000000000e+00
9.982504462859020933e-01,0.000000000000000000e+00
2.122942787607613901e+00,1.000000000000000000e+00
1.107557868251880961e+00,1.000000000000000000e+00
1.188682910605524334e+00,1.000000000000000000e+00
1.096030037308533878e+00,0.000000000000000000e+00
1.058310951008076373e+00,1.000000000000000000e+00
1.023199456719561695e+00,1.000000000000000000e+00
1.030000272237520775e+00,1.000000000000000000e+00
1.046677101380443453e+00,1.000000000000000000e+00
1.057902997305480319e+00,1.000000000000000000e+00
1.182550137561483083e+00,0.000000000000000000e+00
1.031303882367802238e+00,1.000000000000000000e+00
1.020933033923389743e+00,1.000000000000000000e+00
1.068255448027937149e+00,0.000000000000000000e+00
1.019220317268047182e+00,0.000000000000000000e+00
1.026729996001698453e+00,1.000000000000000000e+00
1.022288703112672614e+00,1.000000000000000000e+00
9.980748487479838005e-01,1.000000000000000000e+00
1.011084773615323229e+00,1.000000000000000000e+00
9.973872700868708918e-01,1.000000000000000000e+00
1.035583628159209901e+00,0.000000000000000000e+00
9.723631769777636435e-01,1.000000000000000000e+00
9.952193327004312806e-01,0.000000000000000000e+00
9.944611292640086475e-01,0.000000000000000000e+00
1.011646851108404910e+00,0.000000000000000000e+00
1.005102026682231475e+00,1.000000000000000000e+00
1.026783142323873577e+00,0.000000000000000000e+00
2.349250780301215258e-02,0.000000000000000000e+00
1.068715424047954166e+00,0.000000000000000000e+00
1.022592204115712278e+00,1.000000000000000000e+00
1.037240082929676177e+00,0.000000000000000000e+00
1.061749637585871930e+00,1.000000000000000000e+00
1.018618101935930831e+00,1.000000000000000000e+00
1.034084335466374682e+00,1.000000000000000000e+00
1.006738408329605150e+00,1.000000000000000000e+00
1.052320839076688941e+00,0.000000000000000000e+00
2.010742581659297201e-02,0.000000000000000000e+00
1.058862127777342010e+00,1.000000000000000000e+00
1.009236962182583852e+00,1.000000000000000000e+00
1.061607568748977215e+00,1.000000000000000000e+00
1.004717429030484332e+00,0.000000000000000000e+00
1.010755220050664427e+00,0.000000000000000000e+00
1.001686548628761386e+00,0.000000000000000000e+00
1.038009860516650562e+00,0.000000000000000000e+00
1.063925137757065542e+00,1.000000000000000000e+00
1.045809670889886966e+00,1.000000000000000000e+00
1.053345819376951376e+00,0.000000000000000000e+00
1.030995526482685776e+00,0.000000000000000000e+00
1.005191393269442734e+00,1.000000000000000000e+00
1.029068993432755263e+00,0.000000000000000000e+00
1.056144269862133278e+00,1.000000000000000000e+00
1.059136469680839632e+00,1.000000000000000000e+00
1.094165839038605093e+00,1.000000000000000000e+00
2.016537725059568409e+00,1.000000000000000000e+00
1.005647553165496255e+00,0.000000000000000000e+00
1.163562112906912915e-02,1.000000000000000000e+00
1.172240542559865872e+00,1.000000000000000000e+00
1.040194188350929139e+00,1.000000000000000000e+00
1.031927290401926989e+00,1.000000000000000000e+00
1.175067291359265020e+00,0.000000000000000000e+00
1.009017690355144659e+00,1.000000000000000000e+00
1.004480944090857975e+00,1.000000000000000000e+00
1.073220642244971046e+00,1.000000000000000000e+00
1.252542355799129759e+00,1.000000000000000000e+00
1.024080581569218218e+00,1.000000000000000000e+00
1.000580783157459130e+00,1.000000000000000000e+00
1.059442960109271858e+00,0.000000000000000000e+00
1.111403777247027769e+00,1.000000000000000000e+00
9.959766818365043406e-01,0.000000000000000000e+00
1.064829781996294855e+00,1.000000000000000000e+00
1.022471742989938370e+00,1.000000000000000000e+00
9.998762198905302157e-01,0.000000000000000000e+00
1.004892006911243918e+00,1.000000000000000000e+00
1.015729571049131863e+00,1.000000000000000000e+00
6.083007993909905764e-02,0.000000000000000000e+00
1.045840611478839222e+00,1.000000000000000000e+00
1.006671194971357153e+00,0.000000000000000000e+00
1.033461726649846923e+00,1.000000000000000000e+00
1.048489677664379727e+00,1.000000000000000000e+00
1.077256697418442322e+00,0.000000000000000000e+00
2.112864797391466265e+00,0.000000000000000000e+00
1.044807061804295500e+00,1.000000000000000000e+00
2.078628470592441602e+00,1.000000000000000000e+00
1.025804497189337638e+00,0.000000000000000000e+00
1.047081088010786587e+00,0.000000000000000000e+00
1.006256384427312689e+00,0.000000000000000000e+00
1.012087186078712620e+00,0.000000000000000000e+00
1.041042461300729194e+00,1.000000000000000000e+00
1.061923416213999438e+00,1.000000000000000000e+00
1.057801930333297058e+00,0.000000000000000000e+00
1.030755957667025768e+00,1.000000000000000000e+00
5.051180984452230405e-04,0.000000000000000000e+00
2.034018800216227607e+00,0.000000000000000000e+00
1.059712550731323866e+00,0.000000000000000000e+00
1.013105515858291561e+00,1.000000000000000000e+00
1.075488855468560878e+00,1.000000000000000000e+00
1.016770630013283494e+00,0.000000000000000000e+00
9.855799152526616425e-01,1.000000000000000000e+00
1.044479977751802124e+00,1.000000000000000000e+00
1.210811082443087550e+00,1.000000000000000000e+00
1.013184686157273973e+00,1.000000000000000000e+00
1.044803222609304250e+00,1.000000000000000000e+00
1.022002776450884554e+00,1.000000000000000000e+00
1.030478350976400392e+00,1.000000000000000000e+00
1.177855859637428004e+00,1.000000000000000000e+00
1.036985701875527965e+00,0.000000000000000000e+00
1.027765024529928795e+00,0.000000000000000000e+00
9.955769891901775637e-01,0.000000000000000000e+00
1.054331978636812828e+00,1.000000000000000000e+00
9.890210484522610201e-01,1.000000000000000000e+00
1.031570945276056861e+00,1.000000000000000000e+00
2.091255623966893129e+00,1.000000000000000000e+00
9.241990149377041774e-01,0.000000000000000000e+00
1.058529755269332462e+00,1.000000000000000000e+00
1.031833581823380364e+00,1.000000000000000000e+00
1.007014023349001697e+00,1.000000000000000000e+00
1.048421517002967818e+00,1.000000000000000000e+00
9.977769576402071294e-01,1.000000000000000000e+00
9.917947011889314268e-01,0.000000000000000000e+00
1.029481625462098648e+00,0.000000000000000000e+00
1.060536214770765540e+00,0.000000000000000000e+00
1.052999147486138654e+00,1.000000000000000000e+00
1.016949082029033669e+00,1.000000000000000000e+00
1.072427563296111330e+00,0.000000000000000000e+00
1.023321146158690631e+00,0.000000000000000000e+00
1.996776104627395743e+00,0.000000000000000000e+00
9.895727961868221456e-01,0.000000000000000000e+00
1.028408254733926164e+00,1.000000000000000000e+00
1.053705921847766014e+00,0.000000000000000000e+00
1.078855439094088986e+00,1.000000000000000000e+00
2.032562416390757853e+00,1.000000000000000000e+00
1.009777984438042786e+00,1.000000000000000000e+00
1.016939065099011330e+00,1.000000000000000000e+00
1.062090877646621578e+00,1.000000000000000000e+00
9.702660782787768667e-01,1.000000000000000000e+00
9.928388951816771169e-01,1.000000000000000000e+00
9.970966718267115780e-01,0.000000000000000000e+00
1.037555731950076776e+00,1.000000000000000000e+00
1.002597303162622744e+00,1.000000000000000000e+00
1.000386542435776072e+00,0.000000000000000000e+00
1.000552406975372399e+00,0.000000000000000000e+00
9.846942238826361660e-01,1.000000000000000000e+00
1.023151526848939952e+00,0.000000000000000000e+00
1.090292493793960205e+00,0.000000000000000000e+00
1.065460842805334707e+00,0.000000000000000000e+00
1.250798086924770125e+00,1.000000000000000000e+00
1.040492909311814707e+00,0.000000000000000000e+00
1.051922405813478179e+00,1.000000000000000000e+00
1.096308222913719987e+00,0.000000000000000000e+00
1.032201886460802243e+00,0.000000000000000000e+00
1.013611411138623630e+00,1.000000000000000000e+00
1.044860774572621942e+00,1.000000000000000000e+00
1.113875465825573841e+00,0.000000000000000000e+00
1.012396346792603374e+00,1.000000000000000000e+00
1.028974888884221173e+00,0.000000000000000000e+00
1.013211687044800691e+00,0.000000000000000000e+00
1.047112111148202906e+00,1.000000000000000000e+00
1.030270645469337332e+00,0.000000000000000000e+00
1.073324331191157555e+00,0.000000000000000000e+00
1.064183037969552714e+00,1.000000000000000000e+00
1.028374237943460834e+00,0.000000000000000000e+00
1.037455782644064683e+00,0.000000000000000000e+00
2.112881374778428523e+00,1.000000000000000000e+00
1.049803838141345480e+00,1.000000000000000000e+00
1.030991420825674076e+00,1.000000000000000000e+00
1.027720991469983858e+00,1.000000000000000000e+00
1.090838921504463599e+00,1.000000000000000000e+00
1.004650163150855313e+00,1.000000000000000000e+00
1.050863072186920988e+00,1.000000000000000000e+00
1.193114456471907836e+00,1.000000000000000000e+00
1.074911269924993640e+00,0.000000000000000000e+00
1.030827228232538140e+00,1.000000000000000000e+00
1.013534744720448799e+00,0.000000000000000000e+00
1.030626591883509136e+00,0.000000000000000000e+00
1.063393162877041220e+00,1.000000000000000000e+00
1.011275599034680894e+00,1.000000000000000000e+00
1.002429595998309608e+00,0.000000000000000000e+00
1.068969002063262508e+00,0.000000000000000000e+00
9.888971258856242841e-01,0.000000000000000000e+00
9.939495995704090703e-01,0.000000000000000000e+00
1.010126231456975887e+00,0.000000000000000000e+00
1.982664903950512425e+00,1.000000000000000000e+00
9.575629983191173977e-01,1.000000000000000000e+00
1.005087900050183336e+00,1.000000000000000000e+00
1.008271179715990229e+00,1.000000000000000000e+00
1.030488613910794271e+00,0.000000000000000000e+00
1.030260845201923736e+00,0.000000000000000000e+00
1.028736684963782011e+00,1.000000000000000000e+00
1.005014476558755199e+00,0.000000000000000000e+00
9.899334016766090372e-01,1.000000000000000000e+00
1.015589053327514257e+00,0.000000000000000000e+00
1.063499514556004222e+00,0.000000000000000000e+00
9.969459024953364334e-01,0.000000000000000000e+00
9.967604584784313104e-01,1.000000000000000000e+00
1.137548825166741828e+00,0.000000000000000000e+00
1.013912591596882073e+00,1.000000000000000000e+00
9.984231098497691193e-01,0.000000000000000000e+00
1.007001269149387923e+00,0.000000000000000000e+00
1.016770560453125860e+00,0.000000000000000000e+00
1.123000402150433175e+00,1.000000000000000000e+00
1.317397981886682778e+00,1.000000000000000000e+00
1.769116764272382625e-03,0.000000000000000000e+00
1.021224876533217696e+00,0.000000000000000000e+00
1.045083597626758731e+00,1.000000000000000000e+00
1.075173919514698540e+00,1.000000000000000000e+00
1.087620066387163575e+00,0.000000000000000000e+00
1.073835294966734466e+00,1.000000000000000000e+00
1.038470717476608129e+00,0.000000000000000000e+00
2.070281925904247533e+00,0.000000000000000000e+00
1.154628060955372071e+00,1.000000000000000000e+00
1.008132275999254368e+00,0.000000000000000000e+00
1.033729314370319230e+00,1.000000000000000000e+00
1.047195643376630514e+00,1.000000000000000000e+00
1.041415126553719261e+00,0.000000000000000000e+00
1.119573219701309519e+00,0.000000000000000000e+00
1.054912853500491465e+00,0.000000000000000000e+00
1.009841219703476511e+00,0.000000000000000000e+00
1.029187539655900707e+00,1.000000000000000000e+00
1.189947893572935733e+00,1.000000000000000000e+00
1.063726795232213362e+00,0.000000000000000000e+00
1.098575231867109814e+00,1.000000000000000000e+00
9.819311443388469840e-01,0.000000000000000000e+00
1.027220280433830624e+00,0.000000000000000000e+00
9.633263700069072399e-01,0.000000000000000000e+00
1.051106413996111044e+00,1.000000000000000000e+00
1.012892015203714635e+00,0.000000000000000000e+00
1.052891949706018515e+00,0.000000000000000000e+00
1.031618533292112616e+00,0.000000000000000000e+00
1.096286211219648976e+00,0.000000000000000000e+00
1.018296909215790969e+00,1.000000000000000000e+00
1.014900443776099337e+00,0.000000000000000000e+00
1.023636039434780542e+00,0.000000000000000000e+00
1.045690983606553992e+00,0.000000000000000000e+00
1.078927440779770208e+00,1.000000000000000000e+00
1.015070593865972981e+00,1.000000000000000000e+00
1.056342447442423449e+00,1.000000000000000000e+00
1.064363571033648981e+00,0.000000000000000000e+00
1.063315785775657218e+00,1.000000000000000000e+00
1.536745045872223159e-02,0.000000000000000000e+00
1.067433400200531679e+00,1.000000000000000000e+00
1.027837465746745949e+00,1.000000000000000000e+00
1.010274166087349101e+00,0.000000000000000000e+00
1.053744685937771486e+00,0.000000000000000000e+00
2.128286784236667728e+00,1.000000000000000000e+00
1.101487935288439246e+00,0.000000000000000000e+00
6.048809676506294863e-02,0.000000000000000000e+00
1.027721377551150006e+00,1.000000000000000000e+00
1.069637977275844420e+00,1.000000000000000000e+00
2.300434290271119675e+00,0.000000000000000000e+00
9.714878859860265337e-01,0.000000000000000000e+00
1.138194799247918887e+00,0.000000000000000000e+00
1.071810131059406146e+00,0.000000000000000000e+00
1.153467507823352278e+00,0.000000000000000000e+00
1.056986431394506987e+00,1.000000000000000000e+00
1.010671194708273823e+00,0.000000000000000000e+00
1.072707268097846445e+00,1.000000000000000000e+00
1.014888761620360569e+00,1.000000000000000000e+00
1.006936927068808885e+00,0.000000000000000000e+00
1.093414496938866165e+00,0.000000000000000000e+00
1.013312573590551935e+00,1.000000000000000000e+00
1.031800286257555044e+00,0.000000000000000000e+00
9.932587332801601221e-01,0.000000000000000000e+00
1.016899557243802654e+00,1.000000000000000000e+00
1.068165888391766849e+00,1.000000000000000000e+00
1.031707543234048785e+00,1.000000000000000000e+00
1.057298130798009161e+00,1.000000000000000000e+00
1.040423502431254477e+00,1.000000000000000000e+00
1.002300184720922083e+00,1.000000000000000000e+00
9.978532647313800297e-01,0.000000000000000000e+00
1.043774057390998600e+00,0.000000000000000000e+00
1.027298512706376954e+00,1.000000000000000000e+00
1.013863911095652881e+00,1.000000000000000000e+00
1.023362220233684283e+00,0.000000000000000000e+00
1.002926102711981571e+00,0.000000000000000000e+00
1.071949609061949360e+00,0.000000000000000000e+00
1.039919961052084396e+00,0.000000000000000000e+00
1.039576267994425152e+00,0.000000000000000000e+00
1.028628374309023208e+00,0.000000000000000000e+00
1.014751185980407477e+00,1.000000000000000000e+00
1.009071177605671110e+00,1.000000000000000000e+00
1.013165900017908072e+00,1.000000000000000000e+00
1.007749528489115143e+00,1.000000000000000000e+00
1.068433296300907998e+00,0.000000000000000000e+00
1.033622921943602613e+00,0.000000000000000000e+00
1.000118614954794261e+00,0.000000000000000000e+00
2.229769969411073749e+00,1.000000000000000000e+00
1.009505177150188615e+00,1.000000000000000000e+00
9.990287376422459786e-01,1.000000000000000000e+00
2.049590088201660887e+00,0.000000000000000000e+00
1.013448679334953972e+00,0.000000000000000000e+00
1.044016229597670709e+00,0.000000000000000000e+00
1.035448840782764890e+00,0.000000000000000000e+00
1.035206245485359666e+00,1.000000000000000000e+00
1.002415362243874064e+00,1.000000000000000000e+00
1.059767027065238842e+00,0.000000000000000000e+00
1.007274781730931323e+00,1.000000000000000000e+00
9.812360198935232702e-01,0.000000000000000000e+00
1.117171682430929458e+00,1.000000000000000000e+00
1.016083304709309409e+00,1.000000000000000000e+00
1.024593911883806996e+00,1.000000000000000000e+00
1.022134326175049068e+00,0.000000000000000000e+00
1.005580720808457507e+00,0.000000000000000000e+00
1.031870742259703100e+00,0.000000000000000000e+00
1.061397443823268283e+00,1.000000000000000000e+00
1.006719340830416698e+00,1.000000000000000000e+00
9.856295938485768460e-01,1.000000000000000000e+00
1.016539992756847255e+00,1.000000000000000000e+00
1.082814769683464462e+00,1.000000000000000000e+00
1.088547738185203784e+00,1.000000000000000000e+00
1.023124277889432499e+00,1.000000000000000000e+00
1.038450570131011830e+00,1.000000000000000000e+00
9.945075411982156055e-01,1.000000000000000000e+00
1.085987334060628307e+00,0.000000000000000000e+00
1.027159480166194072e+00,1.000000000000000000e+00
1.025576203654788188e+00,0.000000000000000000e+00
1.043137078710421939e+00,1.000000000000000000e+00
1.035642137884582148e+00,1.000000000000000000e+00
1.076045167469797725e+00,0.000000000000000000e+00
1.029546956608189845e+00,1.000000000000000000e+00
1.030661855614897426e+00,1.000000000000000000e+00
1.013412164582923047e+00,1.000000000000000000e+00
9.776345151638619058e-01,1.000000000000000000e+00
1.009604876144695851e+00,1.000000000000000000e+00
9.827442581634420193e-01,1.000000000000000000e+00
2.085663138224400193e+00,0.000000000000000000e+00
1.011488665454457703e+00,0.000000000000000000e+00
1.013300138562039265e+00,1.000000000000000000e+00
1.050461440962553894e+00,1.000000000000000000e+00
1.054822226806110486e+00,1.000000000000000000e+00
1.068805028536841562e+00,1.000000000000000000e+00
1.039509972870030552e+00,0.000000000000000000e+00
1.055441026810473915e+00,1.000000000000000000e+00
9.841086423443776710e-01,0.000000000000000000e+00
2.035651120982177265e+00,1.000000000000000000e+00
1.031916345383361744e+00,1.000000000000000000e+00
1.023358913531557945e+00,1.000000000000000000e+00
1.029691272274119385e+00,0.000000000000000000e+00
9.938282331043621909e-01,0.000000000000000000e+00
9.982774673682781597e-01,1.000000000000000000e+00
1.106743261291907920e+00,1.000000000000000000e+00
1.010517634772094553e+00,1.000000000000000000e+00
1.031436372909200649e+00,1.000000000000000000e+00
1.023370653200413649e+00,1.000000000000000000e+00
1.015723728710659302e+00,0.000000000000000000e+00
1.053006300549600205e+00,1.000000000000000000e+00
3.945163441903432044e-03,0.000000000000000000e+00
1.006794689061093706e+00,1.000000000000000000e+00
9.985775590373320298e-01,1.000000000000000000e+00
1.060537959272222608e+00,0.000000000000000000e+00
1.008394577643080048e+00,1.000000000000000000e+00
1.046283422425434040e+00,0.000000000000000000e+00
1.011425950488064274e+00,0.000000000000000000e+00
1.043388078774481365e+00,0.000000000000000000e+00
1.014179462278346655e+00,0.000000000000000000e+00
1.077060311384151703e+00,1.000000000000000000e+00
9.799457461142280223e-01,1.000000000000000000e+00
1.031387304247969539e+00,1.000000000000000000e+00
1.114702011221388567e+00,1.000000000000000000e+00
1.031029193592362780e+00,1.000000000000000000e+00
1.006353176186073561e+00,0.000000000000000000e+00
1.021024490903355009e+00,1.000000000000000000e+00
1.030854659114669225e+00,1.000000000000000000e+00
1.055744285453744880e+00,0.000000000000000000e+00
1.034659721748519168e+00,1.000000000000000000e+00
1.018088742013005366e+00,0.000000000000000000e+00
1.030884632946034607e+00,1.000000000000000000e+00
1.017139606671234375e+00,1.000000000000000000e+00
1.224663133514956037e+00,1.000000000000000000e+00
1.002389334462007398e+00,1.000000000000000000e+00
1.002005283646077771e+00,0.000000000000000000e+00
1.647342513768279559e-02,1.000000000000000000e+00
1.014485615998812484e+00,1.000000000000000000e+00
1.040459077958650447e+00,1.000000000000000000e+00
9.916403925310177669e-01,0.000000000000000000e+00
1.045758237806261093e+00,1.000000000000000000e+00
1.010736984177414755e+00,0.000000000000000000e+00
1.005362939629611319e+00,0.000000000000000000e+00
1.041443557854532465e+00,1.000000000000000000e+00
1.157208686091213856e+00,1.000000000000000000e+00
1.050887133811191809e+00,0.000000000000000000e+00
9.714168417091357810e-01,0.000000000000000000e+00
1.046889457263219469e+00,1.000000000000000000e+00
1.102744537113291123e+00,0.000000000000000000e+00
1.062107891467543475e+00,0.000000000000000000e+00
1.017321144272218092e+00,1.000000000000000000e+00
1.031644170503288827e+00,1.000000000000000000e+00
1.049225206798118037e+00,0.000000000000000000e+00
1.042483531687586229e+00,1.000000000000000000e+00
1.021853708859918441e+00,0.000000000000000000e+00
1.042585274931223438e+00,0.000000000000000000e+00
9.735448972400559953e-01,0.000000000000000000e+00
1.045600826800541228e+00,1.000000000000000000e+00
1.015463763092953720e+00,1.000000000000000000e+00
1.077672244138053514e+00,1.000000000000000000e+00
9.954060839710603403e-01,0.000000000000000000e+00
1.053813927893354929e+00,0.000000000000000000e+00
2.383896560080955851e-02,0.000000000000000000e+00
1.219338028158795773e+00,1.000000000000000000e+00
2.303718484364980501e+00,1.000000000000000000e+00
1.017006770659437898e+00,1.000000000000000000e+00
1.067625749554168557e+00,0.000000000000000000e+00
1.014650507044983385e+00,0.000000000000000000e+00
1.002755605054876042e+00,1.000000000000000000e+00
1.172001069461330758e+00,1.000000000000000000e+00
1.082597791561917155e+00,1.000000000000000000e+00
1.022323072066065208e+00,1.000000000000000000e+00
1.235138595298431952e+00,1.000000000000000000e+00
1.067750253316980036e+00,1.000000000000000000e+00
9.944060362852100710e-01,0.000000000000000000e+00
1.037826353224065024e+00,1.000000000000000000e+00
9.888518090924698356e-01,0.000000000000000000e+00
1.001117243651827415e+00,1.000000000000000000e+00
1.033144375710845608e+00,0.000000000000000000e+00
1.027904330265404731e+00,0.000000000000000000e+00
1.022673418943561785e+00,1.000000000000000000e+00
1.095710326642084453e+00,1.000000000000000000e+00
1.013392755275845936e+00,0.000000000000000000e+00
1.023274480865195457e+00,1.000000000000000000e+00
1.012839856374294634e+00,0.000000000000000000e+00
1.030590690311657731e+00,0.000000000000000000e+00
1.040617786793514910e+00,1.000000000000000000e+00
1.026682698910831526e+00,0.000000000000000000e+00
1.069598543812086966e+00,1.000000000000000000e+00
